Division,MatchDate,MatchTime,HomeTeam,AwayTeam,FTHome,FTAway,FTResult,HTHome,HTAway,HTResult,OddHome,OddDraw,OddAway,MaxHome,MaxDraw,MaxAway,MaxUnder25,MaxOver25,HomeElo,AwayElo,elo_diff,elo_sum,elo_mismatch,elo_mismatch_flag,Form3Home,Form5Home,Form3Away,Form5Away,Form3Home_ratio,Form5Home_ratio,Form3Away_ratio,Form5Away_ratio,form_diff_3,form_diff_5,form_momentum_home,form_momentum_away,form_momentum,home_rest_days,away_rest_days,rest_diff,rest_diff_nonlinear,home_congestion_14d,away_congestion_14d,is_midweek,is_early_kickoff,is_evening_match,winter_period,season_phase,match_week,h2h_home_wins,h2h_away_wins,h2h_draws,h2h_home_goals_diff,h2h_home_venue_record,h2h_matches_count,home_team_home_ppg,home_team_goals_scored_avg,home_team_goals_conceded_avg,away_team_away_ppg,away_team_goals_scored_avg,away_team_goals_conceded_avg,venue_ppg_diff,overround,odds_disagreement,sharp_money_home,sharp_money_away,elo_vs_odds_home,home_shots_avg,home_shots_against_avg,away_shots_avg,away_shots_against_avg,shots_dominance_home,shots_dominance_away,corners_diff,discipline_diff,target_home,target_draw,target_away,target_UNDER25
AUT,2024-12-07,16:00:00,Tirol,Sturm Graz,0.0,3.0,A,,,,6.84,4.29,1.46,7.62,4.5,1.5,,,1413.0,1814.9,-401.9,3227.9,0.1245,1,4,7,5,11,0.4444,0.4667,0.5556,0.7333,-1,-4,1,-1,2,6,2,4,1,2,3,0,0,0,1,2,19,0,8,2,-11,0.0,10,0.8,0.3,0.7,1.7,1.5,1.1,-0.9,1.0642,0.114,0.114,0.0274,-0.0085,12.0,12.0,12.0,12.0,0.0,0.0,0.0,0.0,0,0,1,0
AUT,2024-12-07,16:00:00,Wolfsberger AC,LASK,2.0,1.0,H,,,,2.63,3.28,2.65,2.72,3.49,2.84,,,1561.5,1620.6,-59.1,3182.1,0.0186,0,6,9,4,10,0.6667,0.6,0.4444,0.6667,2,-1,3,-2,5,7,2,5,2,2,4,0,0,0,1,2,19,6,4,0,-3,0.5,10,1.2,1.5,1.4,1.6,1.3,1.6,-0.4,1.0625,0.0717,0.0342,0.0717,0.1578,12.0,12.0,12.0,12.0,0.0,0.0,0.0,0.0,1,0,0,0
AUT,2024-12-07,16:00:00,Salzburg,SK Rapid,2.0,2.0,D,,,,2.2,3.46,3.14,2.36,3.6,3.4,,,1752.7,1668.4,84.3,3421.1,0.0246,0,6,7,4,8,0.6667,0.4667,0.4444,0.5333,2,-1,5,0,5,2,2,0,0,5,3,0,0,0,1,2,19,5,3,2,2,0.6,10,2.1,2.8,0.8,1.5,0.9,0.8,0.6,1.062,0.0828,0.0727,0.0828,0.2805,12.0,12.0,12.0,12.0,0.0,0.0,0.0,0.0,0,1,0,0
AUT,2024-12-08,16:00:00,Austria Vienna,Altach,3.0,0.0,H,,,,1.49,4.09,6.84,1.62,4.3,7.5,,,1640.4,1421.3,219.1,3061.7,0.0716,1,9,12,1,4,1.0,0.8,0.1111,0.2667,8,8,6,-2,8,7,8,-1,0,2,2,0,0,0,1,2,19,3,3,4,1,0.6666666666666666,10,2.5,2.0,1.1,1.1,0.9,1.3,1.4,1.0618,0.0965,0.0872,0.0965,0.2088,12.0,12.0,12.0,12.0,0.0,0.0,0.0,0.0,1,0,0,0
AUT,2024-12-08,13:30:00,BW Linz,A. Klagenfurt,2.0,1.0,H,,,,1.75,3.74,4.42,1.91,4.01,4.72,,,1492.3,1470.6,21.7,2962.9,0.0073,0,6,6,0,1,0.6667,0.4,0.0,0.0667,6,5,6,-1,7,7,3,4,1,2,2,0,0,0,1,2,19,0,2,1,-4,0.0,3,1.6,1.3,0.9,0.8,0.7,2.7,0.8,1.0651,0.0914,0.0914,0.0679,0.0924,12.0,12.0,12.0,12.0,0.0,0.0,0.0,0.0,1,0,0,0
AUT,2024-12-08,13:30:00,Grazer AK,Hartberg,0.0,3.0,A,,,,2.43,3.35,2.82,2.6,3.47,3.0,,,1470.8,1533.8,-63.0,3004.7,0.021,0,6,8,1,1,0.6667,0.5333,0.1111,0.0667,5,7,4,1,3,8,3,5,2,2,4,0,0,0,1,2,19,0,0,1,0,0.5,1,0.75,1.625,2.0,0.6,1.0,2.1,0.15,1.0646,0.07,0.07,0.0638,0.1236,12.0,12.0,12.0,12.0,0.0,0.0,0.0,0.0,0,0,1,0
AUT,2024-12-14,16:00:00,Salzburg,A. Klagenfurt,3.0,0.0,H,,,,1.15,8.35,16.11,1.26,9.83,19.0,,,1749.1,1462.5,286.6,3211.6,0.0892,1,7,8,0,0,0.7778,0.5333,0.0,0.0,7,8,6,0,6,7,6,1,0,5,3,0,0,0,1,2,20,7,1,2,16,1.0,10,1.9,2.3,0.9,0.8,0.8,2.7,1.1,1.0514,0.1794,0.0957,0.1794,0.0592,12.0,12.0,12.0,12.0,0.0,0.0,0.0,0.0,1,0,0,0
AUT,2025-02-07,19:30:00,Sturm Graz,Austria Vienna,2.0,2.0,D,,,,2.18,3.19,3.45,2.25,3.41,3.62,,,1818.8,1646.7,172.1,3465.5,0.0497,0,5,11,9,15,0.5556,0.7333,1.0,1.0,-4,-4,-1,3,-4,30,30,0,0,0,0,0,0,0,1,2,28,8,1,1,13,0.8,10,2.5,2.9,0.9,1.7,1.1,0.9,0.8,1.0621,0.069,0.0321,0.0493,0.3693,12.0,12.0,12.0,12.0,0.0,0.0,0.0,0.0,0,1,0,0
AUT,2025-02-08,16:00:00,Altach,Grazer AK,1.0,2.0,A,,,,2.13,3.2,3.57,2.33,3.41,3.82,,,1415.1,1454.4,-39.3,2869.5,0.0137,0,1,4,3,7,0.1111,0.2667,0.3333,0.4667,-2,-3,-2,-1,-1,30,30,0,0,0,0,0,0,0,1,2,28,0,0,1,0,0.5,1,0.7,0.9,1.2,0.7,1.1,1.9,0.0,1.0621,0.0939,0.0939,0.07,0.102,12.0,12.0,12.0,12.0,0.0,0.0,0.0,0.0,0,0,1,0
AUT,2025-02-08,16:00:00,SK Rapid,Wolfsberger AC,1.0,3.0,A,,,,1.74,3.74,4.53,1.82,4.0,4.8,,,1671.9,1572.0,100.0,3243.9,0.0308,0,4,8,9,9,0.4444,0.5333,1.0,0.6,-5,-1,0,9,-9,30,30,0,0,0,0,0,0,0,1,2,28,5,3,2,2,0.4,10,2.2,1.5,0.9,1.6,2.0,1.4,0.6,1.0628,0.0695,0.046,0.0596,0.1861,12.0,12.0,12.0,12.0,0.0,0.0,0.0,0.0,0,0,1,0
AUT,2025-02-09,13:30:00,Tirol,Hartberg,0.0,0.0,D,,,,3.13,3.25,2.29,3.35,3.4,2.55,,,1409.1,1550.3,-141.2,2959.3,0.0477,0,4,4,3,4,0.4444,0.2667,0.3333,0.2667,1,0,4,2,2,30,30,0,0,0,0,0,0,0,1,2,28,4,5,1,-10,0.6666666666666666,10,0.7,0.3,1.0,0.8,1.1,1.9,-0.1,1.0639,0.1135,0.0703,0.1135,0.0986,12.0,12.0,12.0,12.0,0.0,0.0,0.0,0.0,0,1,0,1
AUT,2025-02-09,13:30:00,A. Klagenfurt,Salzburg,0.0,0.0,D,,,,6.5,4.65,1.44,7.56,5.14,1.5,,,1458.0,1753.6,-295.6,3211.6,0.092,1,0,0,7,10,0.0,0.0,0.7778,0.6667,-7,-10,0,4,-4,30,30,0,0,0,0,0,0,0,1,2,28,1,7,2,-13,0.16666666666666666,10,1.0,1.0,1.4,1.2,1.1,1.5,-0.2,1.0633,0.1631,0.1631,0.0417,0.0697,12.0,12.0,12.0,12.0,0.0,0.0,0.0,0.0,0,1,0,1
AUT,2025-02-09,16:00:00,LASK,BW Linz,0.0,0.0,D,,,,2.33,3.03,3.29,2.42,3.2,3.5,,,1610.2,1500.4,109.8,3110.6,0.0353,0,4,7,6,9,0.4444,0.4667,0.6667,0.6,-2,-2,1,3,-2,30,30,0,0,0,0,0,0,0,1,2,28,2,3,0,-1,1.0,5,1.2,1.9,1.6,0.8,0.8,1.7,0.4,1.0632,0.0638,0.0386,0.0638,0.3342,12.0,12.0,12.0,12.0,0.0,0.0,0.0,0.0,0,1,0,1
AUT,2025-02-15,16:00:00,Wolfsberger AC,Sturm Graz,3.0,0.0,H,,,,3.0,3.38,2.3,3.14,3.49,2.4,,,1591.6,1813.3,-221.6,3404.9,0.0651,1,9,12,5,9,1.0,0.8,0.5556,0.6,4,3,6,1,5,7,8,-1,0,1,1,0,0,0,1,2,29,3,6,1,-2,0.0,10,1.2,1.3,1.4,2.0,1.8,1.0,-0.8,1.064,0.0467,0.0467,0.0435,-0.0186,12.0,12.0,12.0,12.0,0.0,0.0,0.0,0.0,1,0,0,0
AUT,2025-02-15,16:00:00,Salzburg,Tirol,1.0,1.0,D,,,,1.37,4.78,7.78,1.39,5.05,8.25,,,1747.4,1411.8,335.6,3159.2,0.1062,1,5,11,4,5,0.5556,0.7333,0.4444,0.3333,1,6,-1,3,-4,6,6,0,0,1,1,0,0,0,1,2,29,9,0,1,26,1.0,10,2.1,2.5,0.8,0.9,1.2,1.9,1.2,1.0677,0.0604,0.0146,0.0604,0.228,12.0,12.0,12.0,12.0,0.0,0.0,0.0,0.0,0,1,0,1
AUT,2025-02-15,16:00:00,BW Linz,Altach,1.0,3.0,A,,,,2.01,3.15,4.03,2.07,3.28,4.33,,,1504.5,1404.9,99.6,2909.5,0.0342,0,7,10,1,1,0.7778,0.6667,0.1111,0.0667,6,9,4,1,3,6,7,-1,0,1,1,0,0,0,1,2,29,2,0,4,2,0.5,6,1.6,1.2,0.8,0.8,0.7,1.5,0.8,1.0631,0.0744,0.0299,0.0744,0.2584,12.0,12.0,12.0,12.0,0.0,0.0,0.0,0.0,0,0,1,0
AUT,2025-02-16,16:00:00,Austria Vienna,SK Rapid,2.0,1.0,H,,,,2.93,3.17,2.46,3.06,3.32,2.54,,,1652.2,1652.3,-0.1,3304.5,0.0,0,7,13,4,5,0.7778,0.8667,0.4444,0.3333,3,8,1,3,-2,9,8,1,0,1,1,0,0,0,1,2,29,4,2,4,2,0.4,10,2.5,2.1,1.0,1.6,1.1,0.7,0.9,1.0633,0.0473,0.0444,0.0325,0.2783,12.0,12.0,12.0,12.0,0.0,0.0,0.0,0.0,1,0,0,0
AUT,2025-02-16,13:30:00,Grazer AK,LASK,0.0,0.0,D,,,,3.55,3.32,2.08,4.0,3.47,2.27,,,1464.5,1606.1,-141.5,3070.6,0.0461,0,3,9,2,5,0.3333,0.6,0.2222,0.3333,1,4,-3,-1,-2,8,7,1,0,1,1,0,0,0,1,2,29,0,1,0,-2,0.5,1,0.667,1.444,2.111,1.3,1.2,1.8,-0.633,1.0637,0.1268,0.1268,0.0913,0.1337,12.0,12.0,12.0,12.0,0.0,0.0,0.0,0.0,0,1,0,1
AUT,2025-02-16,13:30:00,Hartberg,A. Klagenfurt,1.0,1.0,D,,,,1.85,3.56,4.15,1.93,3.72,4.4,,,1547.5,1464.2,83.2,3011.7,0.0276,0,4,5,1,1,0.4444,0.3333,0.1111,0.0667,3,4,3,1,2,7,7,0,0,1,1,0,0,0,1,2,29,1,4,5,-5,0.3333333333333333,10,1.3,1.2,1.4,0.8,0.8,2.6,0.5,1.0624,0.0602,0.0432,0.0602,0.1985,12.0,12.0,12.0,12.0,0.0,0.0,0.0,0.0,0,1,0,1
AUT,2025-02-22,16:00:00,A. Klagenfurt,Grazer AK,4.0,2.0,H,,,,2.63,3.14,2.74,2.78,3.37,2.81,,,1467.7,1467.3,0.4,2935.0,0.0001,0,2,2,4,7,0.2222,0.1333,0.4444,0.4667,-2,-5,2,1,1,6,6,0,0,2,2,0,0,0,1,2,30,1,0,0,1,0.5,1,1.0,0.9,1.3,1.0,1.2,1.8,0.0,1.0637,0.0732,0.057,0.0255,0.2425,12.0,12.0,12.0,12.0,0.0,0.0,0.0,0.0,1,0,0,0
AUT,2025-02-22,16:00:00,Austria Vienna,Salzburg,0.0,1.0,A,,,,2.63,3.27,2.65,2.73,3.45,2.74,,,1661.0,1739.4,-78.4,3400.4,0.0231,0,7,13,5,9,0.7778,0.8667,0.5556,0.6,2,4,1,1,0,6,7,-1,0,1,2,0,0,0,1,2,30,0,4,6,-9,0.0,10,2.7,2.1,0.9,1.0,1.0,1.5,1.7,1.0634,0.055,0.038,0.034,0.1303,12.0,12.0,12.0,12.0,0.0,0.0,0.0,0.0,0,0,1,1
AUT,2025-02-22,16:00:00,Tirol,Wolfsberger AC,3.0,3.0,D,,,,3.54,3.27,2.1,3.82,3.37,2.16,,,1419.8,1617.2,-197.3,3037.0,0.065,0,2,6,9,15,0.2222,0.4,1.0,1.0,-7,-9,-2,3,-5,7,7,0,0,2,2,0,0,0,1,2,30,5,4,1,4,0.5,10,0.8,0.3,0.9,1.8,2.3,1.5,-1.0,1.0645,0.0791,0.0791,0.0286,0.0591,12.0,12.0,12.0,12.0,0.0,0.0,0.0,0.0,0,1,0,0
AUT,2025-02-23,13:30:00,Altach,Hartberg,0.0,0.0,D,,,,2.51,3.16,2.86,2.59,3.27,2.95,,,1424.6,1544.0,-119.4,2968.6,0.0402,0,3,4,5,5,0.3333,0.2667,0.5556,0.3333,-2,-1,2,5,-3,8,7,1,0,1,2,0,0,0,1,2,30,1,5,4,-8,0.25,10,0.7,1.0,1.3,0.9,1.1,1.7,-0.2,1.0645,0.0348,0.0319,0.0315,0.0551,12.0,12.0,12.0,12.0,0.0,0.0,0.0,0.0,0,1,0,1
AUT,2025-02-23,16:00:00,LASK,SK Rapid,2.0,1.0,H,,,,3.3,3.27,2.21,3.48,3.4,2.3,,,1603.3,1643.5,-40.2,3246.8,0.0124,0,2,6,1,4,0.2222,0.4,0.1111,0.2667,1,2,-2,-2,0,7,7,0,0,2,1,0,0,0,1,2,30,3,2,5,6,0.75,10,1.3,1.9,1.5,1.5,1.1,0.8,-0.2,1.0613,0.0545,0.0545,0.0407,0.2573,12.0,12.0,12.0,12.0,0.0,0.0,0.0,0.0,1,0,0,0
AUT,2025-02-23,13:30:00,Sturm Graz,BW Linz,2.0,1.0,H,,,,1.66,3.77,5.09,1.71,4.0,5.37,,,1787.7,1484.9,302.8,3272.6,0.0925,1,4,6,4,7,0.4444,0.4,0.4444,0.4667,0,-1,2,1,1,8,8,0,0,1,2,0,0,0,1,2,30,2,0,2,4,1.0,4,2.3,3.0,1.1,0.9,0.7,1.4,1.4,1.0641,0.061,0.0301,0.055,0.3292,12.0,12.0,12.0,12.0,0.0,0.0,0.0,0.0,1,0,0,0
AUT,2025-03-01,16:00:00,SK Rapid,Altach,5.0,0.0,H,,,,1.44,4.46,7.12,1.47,5.08,8.0,,,1633.6,1426.7,206.8,3060.3,0.0676,1,0,4,4,5,0.0,0.2667,0.4444,0.3333,-4,-1,-4,3,-7,6,6,0,0,2,2,0,0,0,0,3,31,10,0,0,20,1.0,10,1.9,1.4,1.2,1.1,0.9,1.4,0.8,1.0591,0.139,0.0208,0.1236,0.1754,12.0,12.0,12.0,12.0,0.0,0.0,0.0,0.0,1,0,0,0
AUT,2025-03-01,16:00:00,Hartberg,Wolfsberger AC,0.0,3.0,A,,,,2.89,3.33,2.39,2.99,3.48,2.48,,,1541.8,1613.0,-71.2,3154.8,0.0226,0,3,6,7,13,0.3333,0.4,0.7778,0.8667,-4,-7,0,1,-1,6,7,-1,0,2,2,0,0,0,0,3,31,8,1,1,12,0.8,10,1.4,1.2,1.3,1.9,2.5,1.5,-0.5,1.0647,0.045,0.0346,0.0377,0.1734,12.0,12.0,12.0,12.0,0.0,0.0,0.0,0.0,0,0,1,0
AUT,2025-03-01,16:00:00,Grazer AK,Austria Vienna,1.0,2.0,A,,,,4.18,3.51,1.85,4.63,3.61,1.92,,,1454.9,1652.0,-197.1,3106.9,0.0634,0,4,4,4,10,0.4444,0.2667,0.4444,0.6667,0,-6,4,-2,6,7,7,0,0,2,2,0,0,0,0,3,31,0,2,0,-2,0.5,2,0.7,1.3,1.9,1.5,1.1,1.0,-0.8,1.0647,0.1077,0.1077,0.0378,0.1002,12.0,12.0,12.0,12.0,0.0,0.0,0.0,0.0,0,0,1,0
AUT,2025-03-02,13:30:00,A. Klagenfurt,LASK,1.0,2.0,A,,,,4.02,3.51,1.89,4.24,3.65,1.96,,,1480.1,1613.2,-133.1,3093.3,0.043,0,5,5,5,6,0.5556,0.3333,0.5556,0.4,0,-1,5,4,1,8,7,1,0,2,2,0,0,0,0,3,31,0,6,4,-17,0.0,10,1.3,1.3,1.3,1.4,1.1,1.1,-0.1,1.0628,0.0547,0.0547,0.037,0.1761,12.0,12.0,12.0,12.0,0.0,0.0,0.0,0.0,0,0,1,0
AUT,2025-03-02,13:30:00,BW Linz,Tirol,2.0,1.0,H,,,,2.09,3.04,3.9,2.2,3.27,4.2,,,1482.5,1424.0,58.5,2906.5,0.0201,0,1,7,3,6,0.1111,0.4667,0.3333,0.4,-2,1,-5,0,-5,7,8,-1,0,1,1,0,0,0,0,3,31,4,3,2,3,0.5,9,1.6,1.2,0.9,1.0,1.2,1.7,0.6,1.0638,0.0769,0.0526,0.0769,0.2272,12.0,12.0,12.0,12.0,0.0,0.0,0.0,0.0,1,0,0,0
AUT,2025-03-02,16:00:00,Salzburg,Sturm Graz,3.0,1.0,H,,,,1.93,3.57,3.78,2.0,3.78,4.17,,,1748.4,1790.1,-41.7,3538.5,0.0118,0,5,9,4,8,0.5556,0.6,0.4444,0.5333,1,1,1,0,1,8,7,1,0,1,1,0,0,0,0,3,31,3,2,5,-6,0.2,10,1.9,2.1,0.8,1.7,1.6,1.3,0.2,1.0628,0.1032,0.0363,0.1032,0.0531,12.0,12.0,12.0,12.0,0.0,0.0,0.0,0.0,1,0,0,0
AUT,2025-03-09,16:00:00,Altach,Salzburg,1.0,1.0,D,,,,5.98,4.01,1.55,6.4,4.2,1.58,,,1418.2,1762.5,-344.3,3180.7,0.1082,1,4,4,7,11,0.4444,0.2667,0.7778,0.7333,-3,-7,4,3,1,8,7,1,0,2,1,0,0,0,0,3,32,0,8,2,-18,0.0,10,0.8,0.9,1.1,1.3,0.9,1.2,-0.5,1.0618,0.0702,0.0702,0.0194,0.0135,12.0,12.0,12.0,12.0,0.0,0.0,0.0,0.0,0,1,0,1
AUT,2025-03-09,16:00:00,Austria Vienna,A. Klagenfurt,2.0,0.0,H,,,,1.43,4.31,7.54,1.48,4.6,8.1,,,1657.8,1472.6,185.2,3130.5,0.0592,0,6,10,4,5,0.6667,0.6667,0.4444,0.3333,2,5,2,3,-1,8,7,1,0,1,1,0,0,0,0,3,32,3,1,6,4,0.4,10,2.4,1.8,0.9,0.9,0.8,2.3,1.5,1.0639,0.0743,0.035,0.0743,0.1556,12.0,12.0,12.0,12.0,0.0,0.0,0.0,0.0,1,0,0,1
AUT,2025-03-09,16:15:00,Grazer AK,Sturm Graz,1.0,2.0,A,,,,5.27,3.84,1.64,5.75,4.01,1.68,,,1449.0,1776.0,-327.0,3225.1,0.1014,1,1,4,3,7,0.1111,0.2667,0.3333,0.4667,-2,-3,-2,-1,-1,8,7,1,0,1,2,0,0,0,0,3,32,0,1,0,-3,0.5,1,0.7,1.2,1.8,1.6,1.6,1.5,-0.9,1.0599,0.0911,0.0911,0.0244,0.0065,12.0,12.0,12.0,12.0,0.0,0.0,0.0,0.0,0,0,1,0
AUT,2025-03-09,16:45:00,Hartberg,SK Rapid,2.0,1.0,H,,,,4.15,3.71,1.8,4.33,3.85,1.85,,,1525.8,1642.1,-116.3,3167.9,0.0367,0,2,6,3,4,0.2222,0.4,0.3333,0.2667,-1,2,-2,2,-4,8,8,0,0,2,2,0,0,0,0,3,32,4,5,1,-3,0.2,10,1.3,1.1,1.5,1.4,1.1,0.9,-0.1,1.0661,0.0434,0.0434,0.0278,0.2078,12.0,12.0,12.0,12.0,0.0,0.0,0.0,0.0,1,0,0,0
AUT,2025-03-09,16:00:00,LASK,Tirol,2.0,1.0,H,,,,1.48,4.23,6.69,1.51,4.39,8.0,,,1620.7,1416.8,203.8,3037.5,0.0671,1,7,8,2,3,0.7778,0.5333,0.2222,0.2,5,5,6,1,5,7,7,0,0,2,1,0,0,0,0,3,32,6,3,1,5,0.75,10,1.3,1.7,1.4,0.7,1.1,1.8,0.6,1.0616,0.1958,0.0203,0.1958,0.1922,12.0,12.0,12.0,12.0,0.0,0.0,0.0,0.0,1,0,0,0
AUT,2025-03-09,16:00:00,Wolfsberger AC,BW Linz,1.0,2.0,A,,,,1.92,3.41,4.07,2.0,3.6,4.5,,,1629.0,1489.7,139.4,3118.7,0.0447,0,7,13,3,7,0.7778,0.8667,0.3333,0.4667,4,6,1,-1,2,8,7,1,0,1,2,0,0,0,0,3,32,2,2,2,-2,0.5,6,1.2,1.2,1.2,0.6,0.7,1.6,0.6,1.0598,0.1057,0.0417,0.1057,0.278,12.0,12.0,12.0,12.0,0.0,0.0,0.0,0.0,0,0,1,0
AUT,2025-03-16,16:00:00,Tirol,Austria Vienna,0.0,2.0,A,,,,3.96,3.49,1.9,4.3,3.7,1.98,,,1413.0,1663.8,-250.8,3076.8,0.0815,1,1,3,6,10,0.1111,0.2,0.6667,0.6667,-5,-7,-1,2,-3,7,7,0,0,2,1,0,0,0,0,3,33,1,6,3,-12,0.2,10,0.8,0.6,1.2,1.5,1.2,1.1,-0.7,1.0654,0.0859,0.0859,0.0421,0.024,12.0,12.0,12.0,12.0,0.0,0.0,0.0,0.0,0,0,1,1
AUT,2025-03-16,16:00:00,Salzburg,Wolfsberger AC,1.0,0.0,H,,,,1.5,4.52,5.65,1.54,4.89,6.0,,,1755.5,1614.1,141.4,3369.7,0.042,0,7,9,4,10,0.7778,0.6,0.4444,0.6667,3,-1,5,-2,7,7,7,0,0,2,1,0,0,0,0,3,33,9,0,1,17,1.0,10,2.1,2.3,0.8,2.2,2.8,1.3,-0.1,1.0649,0.0819,0.0267,0.0619,0.1455,12.0,12.0,12.0,12.0,0.0,0.0,0.0,0.0,1,0,0,1
AUT,2025-03-16,16:00:00,Sturm Graz,LASK,4.0,2.0,H,,,,1.8,3.76,4.08,1.85,3.97,4.35,,,1779.3,1624.5,154.8,3403.8,0.0455,0,6,7,9,11,0.6667,0.4667,1.0,0.7333,-3,-4,5,7,-2,7,7,0,0,2,2,0,0,0,0,3,33,5,3,2,2,1.0,10,2.3,3.0,1.2,1.7,1.3,1.1,0.6,1.0666,0.0662,0.0278,0.0662,0.264,12.0,12.0,12.0,12.0,0.0,0.0,0.0,0.0,1,0,0,0
AUT,2025-03-16,16:00:00,BW Linz,Hartberg,4.0,1.0,H,,,,2.1,3.27,3.53,2.17,3.5,3.8,,,1504.5,1537.8,-33.3,3042.4,0.0109,0,6,7,4,6,0.6667,0.4667,0.4444,0.4,2,1,5,2,3,7,7,0,0,2,1,0,0,0,0,3,33,0,3,2,-3,0.0,5,1.8,1.4,1.0,0.9,0.9,1.5,0.9,1.0653,0.0765,0.0333,0.0765,0.1056,12.0,12.0,12.0,12.0,0.0,0.0,0.0,0.0,1,0,0,0
AUT,2025-03-16,16:00:00,A. Klagenfurt,Altach,2.0,2.0,D,,,,2.93,3.08,2.51,3.05,3.3,2.63,,,1466.7,1425.2,41.5,2891.9,0.0144,0,3,5,2,5,0.3333,0.3333,0.2222,0.3333,1,0,1,-1,2,7,7,0,0,2,1,0,0,0,0,3,33,6,0,2,16,0.75,8,1.0,1.1,1.4,1.0,0.8,1.8,0.0,1.0644,0.0714,0.041,0.0478,0.3345,12.0,12.0,12.0,12.0,0.0,0.0,0.0,0.0,0,1,0,0
AUT,2025-03-16,16:00:00,SK Rapid,Grazer AK,3.0,0.0,H,,,,1.29,5.36,9.57,1.33,5.79,11.26,,,1630.1,1445.7,184.3,3075.8,0.0599,0,3,3,0,4,0.3333,0.2,0.0,0.2667,3,-1,3,-4,7,7,7,0,0,1,1,0,0,0,0,3,33,0,0,1,0,0.5,1,2.2,1.9,0.9,0.9,1.4,2.2,1.3,1.0663,0.1766,0.031,0.1766,0.0851,12.0,12.0,12.0,12.0,0.0,0.0,0.0,0.0,1,0,0,0
AUT,2025-03-28,18:30:00,Altach,LASK,0.0,2.0,A,,,,3.32,3.4,2.14,3.5,3.55,2.23,,,1427.7,1617.7,-190.0,3045.4,0.0624,0,2,6,6,10,0.2222,0.4,0.6667,0.6667,-4,-4,-2,2,-4,12,12,0,0,1,1,0,0,0,0,3,35,2,7,1,-7,0.0,10,0.6,0.8,1.2,1.4,1.3,1.4,-0.8,1.0626,0.0542,0.0542,0.0421,0.0504,12.0,12.0,12.0,12.0,0.0,0.0,0.0,0.0,0,0,1,1
AUT,2025-03-29,16:00:00,Grazer AK,Tirol,0.0,0.0,D,,,,2.32,3.15,3.15,2.42,3.28,3.35,,,1438.5,1406.4,32.1,2844.9,0.0113,0,0,1,0,2,0.0,0.0667,0.0,0.1333,0,-1,-1,-2,1,13,13,0,0,1,1,0,0,0,0,3,35,1,0,2,1,1.0,3,0.7,1.1,1.7,0.7,1.2,1.8,0.0,1.066,0.0635,0.0431,0.0635,0.2385,12.0,12.0,12.0,12.0,0.0,0.0,0.0,0.0,0,1,0,1
AUT,2025-03-29,16:00:00,Hartberg,A. Klagenfurt,2.0,3.0,A,,,,1.91,3.41,4.05,1.99,3.55,4.35,,,1521.1,1464.2,56.9,2985.4,0.0191,0,3,5,1,5,0.3333,0.3333,0.1111,0.3333,2,0,1,-3,4,13,13,0,0,1,1,0,0,0,0,3,35,1,3,6,-4,0.3333333333333333,10,1.5,1.2,1.5,0.6,0.7,2.5,0.9,1.0637,0.0741,0.0419,0.0741,0.1827,12.0,12.0,12.0,12.0,0.0,0.0,0.0,0.0,0,0,1,0
AUT,2025-03-30,13:30:00,BW Linz,Austria Vienna,0.0,2.0,A,,,,3.23,3.31,2.24,3.5,3.45,2.33,,,1521.2,1670.4,-149.2,3191.7,0.0467,0,9,9,9,12,1.0,0.6,1.0,0.8,0,-3,9,6,3,14,14,0,0,1,1,0,0,0,0,3,35,2,5,1,-9,0.5,8,1.8,1.7,1.1,1.8,1.4,1.0,0.0,1.0581,0.0836,0.0836,0.0402,0.0954,12.0,12.0,12.0,12.0,0.0,0.0,0.0,0.0,0,0,1,1
AUT,2025-03-30,16:00:00,SK Rapid,Salzburg,0.0,2.0,A,,,,2.36,3.42,2.91,2.54,3.5,3.12,,,1637.3,1760.6,-123.3,3397.9,0.0363,0,6,6,7,11,0.6667,0.4,0.7778,0.7333,-1,-5,6,3,3,14,14,0,0,1,1,0,0,0,0,3,35,3,4,3,-1,0.6,10,2.2,2.1,0.9,1.1,0.9,1.3,1.1,1.0598,0.0763,0.0763,0.0722,0.0241,12.0,12.0,12.0,12.0,0.0,0.0,0.0,0.0,0,0,1,1
AUT,2025-03-30,13:30:00,Wolfsberger AC,Sturm Graz,1.0,1.0,D,,,,3.03,3.31,2.35,3.28,3.45,2.48,,,1609.0,1786.1,-177.1,3395.2,0.0522,0,3,7,6,9,0.3333,0.4667,0.6667,0.6,-3,-2,-1,3,-4,14,14,0,0,1,1,0,0,0,0,3,35,3,6,1,-2,0.16666666666666666,10,1.1,1.2,1.3,1.8,1.6,1.4,-0.7,1.0577,0.0825,0.0825,0.0553,0.0385,12.0,12.0,12.0,12.0,0.0,0.0,0.0,0.0,0,1,0,1
AUT,2025-04-04,18:30:00,Sturm Graz,SK Rapid,2.0,0.0,H,,,,2.65,3.29,2.65,2.8,3.41,2.79,,,1782.5,1626.3,156.1,3408.8,0.0458,0,7,10,3,6,0.7778,0.6667,0.3333,0.4,4,4,4,0,4,5,5,0,0,1,1,0,0,0,0,3,36,4,3,3,3,0.6,10,2.3,3.2,1.3,1.1,1.1,1.1,1.2,1.0587,0.0566,0.0566,0.0528,0.4297,12.0,12.0,12.0,12.0,0.0,0.0,0.0,0.0,1,0,0,1
AUT,2025-04-05,16:00:00,LASK,Grazer AK,1.0,0.0,H,,,,1.74,3.61,4.7,1.78,3.75,5.14,,,1626.3,1436.3,190.1,3062.6,0.0621,0,6,12,1,1,0.6667,0.8,0.1111,0.0667,5,11,0,1,-1,8,7,1,0,1,1,0,0,0,0,3,36,1,0,1,2,1.0,2,1.3,1.5,1.5,0.9,1.2,2.1,0.4,1.0645,0.0936,0.023,0.0936,0.2772,12.0,12.0,12.0,12.0,0.0,0.0,0.0,0.0,1,0,0,1
AUT,2025-04-05,16:00:00,Tirol,Hartberg,1.0,3.0,A,,,,2.42,3.17,2.96,2.51,3.31,3.1,,,1408.6,1508.2,-99.7,2916.8,0.0342,0,1,2,3,4,0.1111,0.1333,0.3333,0.2667,-2,-2,0,2,-2,7,7,0,0,1,1,0,0,0,0,3,36,3,5,2,-11,0.5,10,0.7,0.5,1.3,0.9,0.9,1.6,-0.2,1.0665,0.0473,0.0372,0.0473,0.07,12.0,12.0,12.0,12.0,0.0,0.0,0.0,0.0,0,0,1,0
AUT,2025-04-05,16:00:00,A. Klagenfurt,Altach,2.0,3.0,A,,,,3.06,3.18,2.39,3.21,3.38,2.6,,,1477.1,1419.1,58.1,2896.2,0.02,0,4,7,2,3,0.4444,0.4667,0.2222,0.2,2,4,1,1,0,7,8,-1,0,1,1,0,0,0,0,3,36,6,0,3,16,0.6,9,1.0,1.1,1.4,1.1,1.0,1.8,-0.1,1.0597,0.0879,0.049,0.0879,0.368,12.0,12.0,12.0,12.0,0.0,0.0,0.0,0.0,0,0,1,0
AUT,2025-04-06,13:30:00,Salzburg,BW Linz,2.0,1.0,H,,,,1.58,4.14,5.51,1.64,4.4,6.0,,,1771.6,1511.2,260.4,3282.8,0.0793,1,7,13,6,9,0.7778,0.8667,0.6667,0.6,1,4,1,3,-2,7,7,0,0,1,1,0,0,0,0,3,36,2,2,1,5,0.6666666666666666,5,2.1,2.2,0.8,0.8,0.8,1.6,1.3,1.0559,0.0889,0.038,0.0889,0.2707,12.0,12.0,12.0,12.0,0.0,0.0,0.0,0.0,1,0,0,0
AUT,2025-04-06,16:00:00,Austria Vienna,Wolfsberger AC,0.0,0.0,D,,,,2.13,3.37,3.42,2.18,3.57,3.61,,,1680.5,1612.7,67.8,3293.1,0.0206,0,9,12,1,5,1.0,0.8,0.1111,0.3333,8,7,6,-3,9,7,7,0,0,1,1,0,0,0,0,3,36,5,4,1,-3,0.3333333333333333,10,2.4,1.8,0.9,1.9,2.3,1.3,0.5,1.0586,0.0593,0.0235,0.0556,0.245,12.0,12.0,12.0,12.0,0.0,0.0,0.0,0.0,0,1,0,1
AUT,2025-04-11,18:30:00,BW Linz,Wolfsberger AC,1.0,2.0,A,,,,3.23,3.03,2.38,3.4,3.1,2.47,,,1508.2,1615.8,-107.5,3124.0,0.0344,0,3,9,2,5,0.3333,0.6,0.2222,0.3333,1,4,-3,-1,-2,5,5,0,0,2,2,0,0,0,0,3,37,3,2,2,3,0.25,7,1.5,1.4,1.3,1.7,2.0,1.3,-0.2,1.0598,0.0526,0.0526,0.0378,0.1541,12.0,12.0,12.0,12.0,0.0,0.0,0.0,0.0,0,0,1,0
AUT,2025-04-12,16:00:00,Grazer AK,Altach,1.0,0.0,H,,,,3.23,3.16,2.29,3.47,3.41,2.38,,,1432.2,1431.9,0.3,2864.1,0.0001,0,1,1,4,5,0.1111,0.0667,0.4444,0.3333,-3,-4,1,3,-2,7,7,0,0,2,1,0,0,0,0,3,37,1,0,1,1,0.0,2,0.7,0.9,1.5,1.3,1.2,1.9,-0.6,1.0627,0.0791,0.0743,0.0393,0.3084,12.0,12.0,12.0,12.0,0.0,0.0,0.0,0.0,1,0,0,1
AUT,2025-04-12,16:00:00,Hartberg,LASK,0.0,1.0,A,,,,3.21,3.53,2.14,3.59,3.78,2.2,,,1520.2,1630.5,-110.3,3150.6,0.035,0,3,6,6,12,0.3333,0.4,0.6667,0.8,-3,-6,0,0,0,7,7,0,0,2,1,0,0,0,0,3,37,3,3,4,5,0.0,10,1.2,1.3,1.8,1.7,1.4,1.2,-0.5,1.0621,0.1184,0.1184,0.028,0.149,12.0,12.0,12.0,12.0,0.0,0.0,0.0,0.0,0,0,1,1
AUT,2025-04-12,16:00:00,Tirol,A. Klagenfurt,5.0,3.0,H,,,,2.38,3.28,2.96,2.48,3.37,3.31,,,1396.7,1464.3,-67.6,2860.9,0.0236,0,1,1,4,4,0.1111,0.0667,0.4444,0.2667,-3,-3,1,4,-3,7,7,0,0,2,2,0,0,0,0,3,37,2,6,2,-3,0.0,10,0.6,0.6,1.6,0.6,0.9,2.7,0.0,1.0629,0.1182,0.042,0.1182,0.1082,12.0,12.0,12.0,12.0,0.0,0.0,0.0,0.0,1,0,0,0
AUT,2025-04-13,16:00:00,SK Rapid,Austria Vienna,2.0,0.0,H,,,,2.26,3.19,3.31,2.35,3.4,3.59,,,1619.5,1677.4,-57.8,3296.9,0.0175,0,3,6,7,13,0.3333,0.4,0.7778,0.8667,-4,-7,0,1,-1,9,7,2,0,2,2,0,0,0,0,3,37,2,5,3,-3,0.4,10,1.9,1.9,1.1,2.0,1.5,0.9,-0.1,1.0581,0.0846,0.0398,0.0846,0.0993,12.0,12.0,12.0,12.0,0.0,0.0,0.0,0.0,1,0,0,1
AUT,2025-04-13,13:30:00,Salzburg,Sturm Graz,1.0,2.0,A,,,,1.9,3.59,3.93,1.95,3.71,4.18,,,1774.6,1789.3,-14.7,3563.8,0.0041,0,9,13,7,10,1.0,0.8667,0.7778,0.6667,2,3,5,4,1,7,9,-2,-1,2,2,0,0,0,0,3,37,4,2,4,-4,0.4,10,2.1,1.9,0.8,1.6,1.5,1.4,0.5,1.0593,0.0636,0.0263,0.0636,0.0821,12.0,12.0,12.0,12.0,0.0,0.0,0.0,0.0,0,0,1,0
AUT,2025-04-18,18:30:00,LASK,Tirol,2.0,0.0,H,,,,1.63,3.86,5.21,1.69,4.13,5.72,,,1638.6,1411.8,226.7,3050.4,0.0743,1,9,12,4,4,1.0,0.8,0.4444,0.2667,5,8,6,4,2,6,6,0,0,2,2,0,0,0,0,3,38,6,3,1,3,0.75,10,1.6,1.5,1.3,0.8,1.0,1.4,0.8,1.0645,0.0979,0.0368,0.0979,0.2703,12.0,12.0,12.0,12.0,0.0,0.0,0.0,0.0,1,0,0,1
AUT,2025-04-19,16:00:00,Altach,Hartberg,1.0,1.0,D,,,,2.18,3.24,3.4,2.23,3.35,3.63,,,1423.1,1512.1,-89.0,2935.2,0.0303,0,3,5,3,6,0.3333,0.3333,0.3333,0.4,0,-1,1,0,1,7,7,0,0,2,2,0,0,0,0,3,38,1,4,5,-4,0.2,10,0.5,0.7,1.3,0.9,0.9,1.5,-0.4,1.0615,0.0676,0.0229,0.0676,0.0406,12.0,12.0,12.0,12.0,0.0,0.0,0.0,0.0,0,1,0,1
AUT,2025-04-19,16:00:00,A. Klagenfurt,Grazer AK,0.0,0.0,D,,,,2.64,3.21,2.7,2.82,3.41,2.85,,,1449.1,1440.9,8.2,2890.0,0.0028,0,3,4,4,4,0.3333,0.2667,0.4444,0.2667,-1,0,2,4,-2,7,7,0,0,2,2,0,0,0,0,3,38,2,0,0,3,1.0,2,0.9,1.2,1.6,0.8,1.1,2.1,0.1,1.0607,0.0682,0.0682,0.0556,0.2535,12.0,12.0,12.0,12.0,0.0,0.0,0.0,0.0,0,1,0,1
AUT,2025-04-20,13:30:00,Wolfsberger AC,SK Rapid,5.0,1.0,H,,,,2.64,3.42,2.55,2.76,3.64,2.69,,,1623.9,1634.3,-10.3,3258.2,0.0032,0,5,5,3,6,0.5556,0.3333,0.3333,0.4,2,-1,5,0,5,9,7,2,0,2,1,0,0,0,0,3,38,4,4,2,1,0.2,10,1.2,1.2,1.1,1.0,1.0,1.2,0.2,1.0633,0.0643,0.0455,0.0549,0.2288,12.0,12.0,12.0,12.0,0.0,0.0,0.0,0.0,1,0,0,0
AUT,2025-04-20,13:30:00,Sturm Graz,BW Linz,2.0,0.0,H,,,,1.53,4.14,5.97,1.61,4.3,6.46,,,1800.1,1500.1,300.0,3300.2,0.0909,1,7,13,0,6,0.7778,0.8667,0.0,0.4,7,7,1,-6,7,7,9,-2,-1,1,2,0,0,0,0,3,38,3,0,2,5,1.0,5,2.3,3.0,1.1,0.8,0.9,1.6,1.5,1.0626,0.0821,0.0523,0.0821,0.2787,12.0,12.0,12.0,12.0,0.0,0.0,0.0,0.0,1,0,0,1
AUT,2025-04-20,16:00:00,Austria Vienna,Salzburg,1.0,3.0,A,,,,3.09,3.26,2.31,3.44,3.5,2.4,,,1662.6,1763.7,-101.1,3426.4,0.0295,0,4,10,6,10,0.4444,0.6667,0.6667,0.6667,-2,0,-2,2,-4,7,7,0,0,2,2,0,0,0,0,3,38,0,4,6,-7,0.0,10,2.2,1.6,0.8,1.3,1.1,1.3,0.9,1.0633,0.1133,0.1133,0.039,0.151,12.0,12.0,12.0,12.0,0.0,0.0,0.0,0.0,0,0,1,0
AUT,2025-04-22,19:30:00,A. Klagenfurt,LASK,1.0,4.0,A,,,,4.11,3.63,1.84,4.35,3.77,1.9,,,1447.6,1643.5,-195.9,3091.1,0.0634,0,1,5,9,12,0.1111,0.3333,1.0,0.8,-8,-7,-3,6,-9,3,4,-1,0,2,2,1,0,0,0,3,38,0,6,4,-14,0.0,10,1.0,1.2,1.5,2.0,1.5,1.1,-1.0,1.0623,0.0584,0.0584,0.0326,0.0973,12.0,12.0,12.0,12.0,0.0,0.0,0.0,0.0,0,0,1,0
AUT,2025-04-22,17:30:00,Grazer AK,Hartberg,0.0,3.0,A,,,,2.06,3.4,3.56,2.13,3.67,3.76,,,1442.4,1510.8,-68.4,2953.3,0.0232,0,4,5,4,4,0.4444,0.3333,0.4444,0.2667,0,1,3,4,-1,3,3,0,0,2,2,1,0,0,0,3,38,0,1,1,-3,0.0,2,0.9,0.9,1.4,1.0,0.9,1.4,-0.1,1.0605,0.0794,0.034,0.0562,0.0446,12.0,12.0,12.0,12.0,0.0,0.0,0.0,0.0,0,0,1,0
AUT,2025-04-22,17:30:00,Tirol,Altach,1.0,0.0,H,,,,3.51,3.12,2.2,3.81,3.32,2.25,,,1406.9,1424.4,-17.5,2831.3,0.0062,0,3,4,4,5,0.3333,0.2667,0.4444,0.3333,-1,-1,2,3,-1,4,3,1,0,2,2,1,0,0,0,3,38,4,3,3,4,0.4,10,0.9,1.0,1.7,1.0,1.0,1.9,-0.1,1.06,0.0855,0.0855,0.0227,0.3062,12.0,12.0,12.0,12.0,0.0,0.0,0.0,0.0,1,0,0,1
AUT,2025-04-23,19:30:00,Austria Vienna,Sturm Graz,2.0,1.0,H,,,,2.71,3.18,2.63,2.81,3.33,2.75,,,1650.7,1803.5,-152.8,3454.2,0.0442,0,1,7,9,13,0.1111,0.4667,1.0,0.8667,-8,-6,-5,5,-10,3,3,0,0,2,2,1,0,0,0,3,38,1,7,2,-10,0.0,10,1.9,1.4,1.1,1.8,1.6,1.4,0.1,1.0637,0.0472,0.0369,0.0456,0.0362,12.0,12.0,12.0,12.0,0.0,0.0,0.0,0.0,1,0,0,0
AUT,2025-04-23,17:30:00,BW Linz,SK Rapid,2.0,1.0,H,,,,3.63,3.64,1.96,3.95,3.79,2.02,,,1496.7,1616.2,-119.5,3112.9,0.0384,0,0,3,3,6,0.0,0.2,0.3333,0.4,-3,-3,-3,0,-3,3,3,0,0,2,2,1,0,0,0,3,38,2,2,0,-2,0.5,4,1.2,1.4,1.5,0.7,0.9,1.7,0.5,1.0604,0.0882,0.0882,0.0306,0.1694,12.0,12.0,12.0,12.0,0.0,0.0,0.0,0.0,1,0,0,0
AUT,2025-04-23,17:30:00,Salzburg,Wolfsberger AC,1.0,1.0,D,,,,1.77,3.76,4.35,1.94,3.93,4.81,,,1775.6,1642.0,133.6,3417.6,0.0391,0,6,12,7,8,0.6667,0.8,0.7778,0.5333,-1,4,0,6,-6,3,3,0,0,2,2,1,0,0,0,3,38,9,0,1,15,1.0,10,1.8,1.8,0.9,1.7,2.1,1.4,0.1,1.0608,0.1057,0.096,0.1057,0.231,12.0,12.0,12.0,12.0,0.0,0.0,0.0,0.0,0,1,0,1
AUT,2025-04-25,18:30:00,Hartberg,Grazer AK,1.0,1.0,D,,,,2.02,3.48,3.55,2.07,3.69,3.75,,,1526.9,1426.3,100.6,2953.3,0.0341,0,4,7,4,5,0.4444,0.4667,0.4444,0.3333,0,2,1,3,-2,3,3,0,0,3,3,0,0,0,0,3,39,2,0,1,6,0.0,3,0.9,1.1,1.9,0.9,0.9,1.7,0.0,1.0641,0.0603,0.0248,0.0563,0.2623,12.0,12.0,12.0,12.0,0.0,0.0,0.0,0.0,0,1,0,1
AUT,2025-04-26,16:00:00,Altach,Tirol,3.0,0.0,H,,,,1.85,3.49,4.21,1.93,3.69,4.58,,,1415.1,1416.2,-1.0,2831.3,0.0004,0,1,4,6,7,0.1111,0.2667,0.6667,0.4667,-5,-3,-2,5,-7,4,4,0,0,3,3,0,0,0,0,3,39,3,5,2,-5,0.2,10,0.6,0.8,1.3,0.8,1.0,1.5,-0.2,1.0646,0.0879,0.0432,0.0879,0.0902,12.0,12.0,12.0,12.0,0.0,0.0,0.0,0.0,1,0,0,0
AUT,2025-04-26,16:00:00,LASK,A. Klagenfurt,6.0,0.0,H,,,,1.58,4.3,5.02,1.63,4.46,5.3,,,1653.7,1437.3,216.4,3091.1,0.07,1,9,15,1,4,1.0,1.0,0.1111,0.2667,8,11,3,-2,5,4,4,0,0,3,3,0,0,0,0,3,39,7,0,3,17,0.6,10,1.9,1.6,1.1,0.6,1.2,2.8,1.3,1.0647,0.0558,0.0316,0.0558,0.2442,12.0,12.0,12.0,12.0,0.0,0.0,0.0,0.0,1,0,0,0
AUT,2025-04-27,13:30:00,Wolfsberger AC,Salzburg,2.0,1.0,H,,,,3.87,3.69,1.87,4.22,3.8,1.96,,,1646.7,1770.9,-124.2,3417.6,0.0363,0,7,9,4,10,0.7778,0.6,0.4444,0.6667,3,-1,5,-2,7,4,4,0,0,2,3,0,0,0,0,3,39,0,8,2,-11,0.0,10,1.4,1.6,1.1,1.6,1.4,0.9,-0.2,1.0642,0.0904,0.0904,0.0481,0.1799,12.0,12.0,12.0,12.0,0.0,0.0,0.0,0.0,1,0,0,0
AUT,2025-04-27,16:00:00,Sturm Graz,Austria Vienna,0.0,1.0,A,,,,2.31,3.21,3.16,2.46,3.45,3.48,,,1790.5,1663.8,126.7,3454.2,0.0367,0,6,10,3,7,0.6667,0.6667,0.3333,0.4667,3,3,2,-1,3,4,4,0,0,3,3,0,0,0,0,3,39,6,2,2,8,0.6,10,2.6,3.2,0.8,1.9,1.4,1.0,0.7,1.0609,0.1013,0.0649,0.1013,0.3482,12.0,12.0,12.0,12.0,0.0,0.0,0.0,0.0,0,0,1,1
AUT,2025-04-27,13:30:00,SK Rapid,BW Linz,0.0,0.0,D,,,,1.64,4.1,4.75,1.7,4.33,5.07,,,1604.1,1508.8,95.3,3112.9,0.0306,0,3,3,3,3,0.3333,0.2,0.3333,0.2,0,0,3,3,0,4,4,0,0,3,2,0,0,0,0,3,39,2,3,0,1,0.5,5,1.9,1.8,0.9,0.7,0.8,1.7,1.2,1.0642,0.0674,0.0366,0.0674,0.1484,12.0,12.0,12.0,12.0,0.0,0.0,0.0,0.0,0,1,0,1
AUT,2025-05-02,18:30:00,Grazer AK,A. Klagenfurt,1.0,1.0,D,,,,1.8,3.54,4.4,1.85,3.69,4.75,,,1430.3,1428.5,1.8,2858.8,0.0006,0,2,5,1,1,0.2222,0.3333,0.1111,0.0667,1,4,-1,1,-2,7,6,1,0,3,3,0,0,0,0,3,40,0,2,1,-3,0.0,3,0.9,0.9,1.6,0.5,1.0,3.2,0.4,1.0653,0.0795,0.0278,0.0795,0.0804,12.0,12.0,12.0,12.0,0.0,0.0,0.0,0.0,0,1,0,1
AUT,2025-05-03,16:00:00,Tirol,LASK,1.0,3.0,A,,,,4.17,3.84,1.77,4.45,4.08,1.83,,,1401.0,1662.6,-261.5,3063.6,0.0854,1,3,6,9,15,0.3333,0.4,1.0,1.0,-6,-9,0,3,-3,7,7,0,0,2,2,0,0,0,0,3,40,3,6,1,1,0.3333333333333333,10,1.2,1.1,1.5,2.2,1.8,1.1,-1.0,1.0652,0.0671,0.0671,0.0339,0.0241,12.0,12.0,12.0,12.0,0.0,0.0,0.0,0.0,0,0,1,0
AUT,2025-05-04,13:30:00,BW Linz,Sturm Graz,0.0,1.0,A,,,,3.72,3.42,1.98,4.09,3.51,2.04,,,1512.7,1775.8,-263.2,3288.5,0.08,1,4,4,3,9,0.4444,0.2667,0.3333,0.6,1,-5,4,-3,7,7,7,0,0,3,3,0,0,0,0,3,40,0,4,2,-7,0.0,6,1.5,1.5,1.4,1.5,1.5,1.5,0.0,1.0663,0.0995,0.0995,0.0303,-0.0046,12.0,12.0,12.0,12.0,0.0,0.0,0.0,0.0,0,0,1,1
AUT,2025-05-04,13:30:00,Hartberg,Altach,2.0,0.0,H,,,,2.89,3.1,2.52,3.11,3.19,2.62,,,1523.0,1430.3,92.7,2953.2,0.0314,0,5,8,4,7,0.5556,0.5333,0.4444,0.4667,1,1,2,1,1,9,8,1,0,2,2,0,0,0,0,3,40,3,1,6,3,0.25,10,0.9,1.1,1.9,1.0,0.9,1.8,-0.1,1.0654,0.0761,0.0761,0.0397,0.3936,12.0,12.0,12.0,12.0,0.0,0.0,0.0,0.0,1,0,0,1
AUT,2025-05-04,13:30:00,SK Rapid,Wolfsberger AC,0.0,1.0,A,,,,2.4,3.63,2.69,2.47,3.77,2.78,,,1600.2,1658.9,-58.7,3259.1,0.018,0,1,4,7,11,0.1111,0.2667,0.7778,0.7333,-6,-7,-2,3,-5,7,7,0,0,3,3,0,0,0,0,3,40,4,4,2,-4,0.2,10,1.7,1.6,0.8,1.8,2.1,1.3,-0.1,1.0639,0.0386,0.0292,0.0335,0.1246,12.0,12.0,12.0,12.0,0.0,0.0,0.0,0.0,0,0,1,1
AUT,2025-05-04,16:00:00,Salzburg,Austria Vienna,2.0,0.0,H,,,,1.78,3.84,4.18,1.81,4.02,4.44,,,1758.7,1678.4,80.3,3437.1,0.0234,0,4,7,6,7,0.4444,0.4667,0.6667,0.4667,-2,0,1,5,-4,7,7,0,0,3,3,0,0,0,0,3,40,4,0,6,7,0.5,10,1.8,1.9,1.0,2.2,1.4,0.8,-0.4,1.0614,0.0622,0.0169,0.0622,0.1745,12.0,12.0,12.0,12.0,0.0,0.0,0.0,0.0,1,0,0,1
AUT,2025-05-09,18:30:00,Sturm Graz,Salzburg,4.0,2.0,H,,,,2.66,3.39,2.57,2.75,3.55,2.7,,,1780.3,1767.9,12.4,3548.2,0.0035,0,3,9,4,7,0.3333,0.6,0.4444,0.4667,-1,2,-3,1,-4,5,5,0,0,2,2,0,0,0,0,3,41,3,3,4,7,0.5,10,2.3,2.7,0.9,1.5,1.5,1.1,0.8,1.06,0.0506,0.0338,0.0506,0.2617,12.0,12.0,12.0,12.0,0.0,0.0,0.0,0.0,1,0,0,0
AUT,2025-05-10,16:00:00,A. Klagenfurt,Tirol,1.0,4.0,A,,,,2.81,3.34,2.45,2.93,3.47,2.54,,,1429.9,1394.7,35.2,2824.5,0.0125,0,1,2,3,6,0.1111,0.1333,0.3333,0.4,-2,-4,0,0,0,8,7,1,0,2,2,0,0,0,0,3,41,5,3,2,0,0.5,10,0.7,1.1,1.8,0.5,0.7,1.7,0.2,1.0634,0.0427,0.0427,0.0367,0.3123,12.0,12.0,12.0,12.0,0.0,0.0,0.0,0.0,0,0,1,0
AUT,2025-05-10,16:00:00,Altach,Grazer AK,2.0,2.0,D,,,,2.11,3.25,3.56,2.19,3.34,3.78,,,1421.5,1428.9,-7.4,2850.4,0.0026,0,3,4,2,6,0.3333,0.2667,0.2222,0.4,1,-2,2,-2,4,6,8,-2,-1,2,1,0,0,0,0,3,41,0,2,1,-2,0.0,3,0.8,1.0,1.2,1.0,0.9,1.6,-0.2,1.0625,0.0618,0.0379,0.0618,0.143,12.0,12.0,12.0,12.0,0.0,0.0,0.0,0.0,0,1,0,0
AUT,2025-05-10,16:00:00,LASK,Hartberg,0.0,0.0,D,,,,1.75,3.83,4.34,1.79,4.01,4.5,,,1668.9,1531.8,137.2,3200.7,0.0429,0,9,15,7,8,1.0,1.0,0.7778,0.5333,2,7,3,6,-3,7,6,1,0,2,1,0,0,0,0,3,41,4,2,4,-1,0.0,10,2.1,2.1,1.0,1.2,1.1,1.3,0.9,1.0629,0.047,0.0229,0.0369,0.2296,12.0,12.0,12.0,12.0,0.0,0.0,0.0,0.0,0,1,0,1
AUT,2025-05-11,13:30:00,Wolfsberger AC,BW Linz,2.0,0.0,H,,,,1.62,3.92,5.29,1.65,4.08,5.77,,,1668.6,1508.2,160.3,3176.8,0.0505,0,7,13,4,4,0.7778,0.8667,0.4444,0.2667,3,9,1,4,-3,7,7,0,0,2,2,0,0,0,0,3,41,3,3,2,-2,0.3333333333333333,8,1.7,1.6,0.9,0.8,0.7,1.2,0.9,1.0614,0.0907,0.0185,0.0907,0.2086,12.0,12.0,12.0,12.0,0.0,0.0,0.0,0.0,1,0,0,1
AUT,2025-05-11,16:00:00,Austria Vienna,SK Rapid,1.0,2.0,A,,,,2.06,3.55,3.39,2.12,3.69,3.51,,,1669.2,1590.6,78.6,3259.7,0.0241,0,6,6,1,4,0.6667,0.4,0.1111,0.2667,5,2,6,-2,8,7,7,0,0,2,2,0,0,0,0,3,41,4,3,3,0,0.6,10,1.9,1.4,1.1,0.6,0.9,1.8,1.3,1.0621,0.0394,0.0291,0.0354,0.2446,12.0,12.0,12.0,12.0,0.0,0.0,0.0,0.0,0,0,1,0
AUT,2025-05-17,16:00:00,Hartberg,Tirol,3.0,2.0,H,,,,1.79,3.71,4.27,1.82,3.84,4.6,,,1536.6,1416.0,120.6,2952.6,0.0408,0,5,9,3,6,0.5556,0.6,0.3333,0.4,2,3,1,0,1,7,7,0,0,2,2,0,0,0,0,3,42,6,2,2,14,0.8333333333333334,10,0.9,1.1,1.8,0.8,1.1,1.6,0.1,1.0624,0.0773,0.0168,0.0773,0.2238,12.0,12.0,12.0,12.0,0.0,0.0,0.0,0.0,1,0,0,0
AUT,2025-05-17,16:00:00,Altach,A. Klagenfurt,0.0,0.0,D,,,,1.62,3.99,5.22,1.65,4.2,5.77,,,1420.4,1408.5,11.9,2828.9,0.0042,0,4,5,1,2,0.4444,0.3333,0.1111,0.1333,3,3,3,0,3,7,7,0,0,2,1,0,0,0,0,3,42,1,6,3,-15,0.0,10,0.9,1.2,1.3,0.5,0.9,3.1,0.4,1.0595,0.1054,0.0185,0.1054,0.0331,12.0,12.0,12.0,12.0,0.0,0.0,0.0,0.0,0,1,0,1
AUT,2025-05-17,16:00:00,Grazer AK,LASK,1.0,0.0,H,,,,3.42,3.6,2.02,3.69,3.75,2.06,,,1430.0,1664.1,-234.1,3094.1,0.0757,1,3,4,7,13,0.3333,0.2667,0.7778,0.8667,-4,-9,2,1,1,7,7,0,0,1,2,0,0,0,0,3,42,0,2,1,-3,0.0,3,0.9,0.9,1.6,2.2,1.9,1.1,-1.3,1.0652,0.0789,0.0789,0.0198,0.0055,12.0,12.0,12.0,12.0,0.0,0.0,0.0,0.0,1,0,0,1
AUT,2025-05-18,16:00:00,BW Linz,Salzburg,1.0,2.0,A,,,,5.69,4.6,1.5,6.0,4.86,1.54,,,1501.6,1756.2,-254.6,3257.7,0.0781,1,1,4,3,7,0.1111,0.2667,0.3333,0.4667,-2,-3,-2,-1,-1,7,9,-2,-1,2,2,0,0,0,0,3,42,2,3,1,-6,0.5,6,1.5,1.5,1.4,1.5,1.7,1.3,0.0,1.0598,0.0565,0.0545,0.0267,0.091,12.0,12.0,12.0,12.0,0.0,0.0,0.0,0.0,0,0,1,0
AUT,2025-05-18,16:00:00,SK Rapid,Sturm Graz,3.0,1.0,H,,,,3.17,3.65,2.12,3.33,3.75,2.23,,,1604.0,1792.1,-188.1,3396.1,0.0554,0,4,4,6,9,0.4444,0.2667,0.6667,0.6,-2,-5,4,3,1,7,9,-2,-1,2,2,0,0,0,0,3,42,3,4,3,-3,0.6,10,1.6,1.5,0.8,1.5,1.4,1.4,0.1,1.0611,0.0519,0.0505,0.0519,0.039,12.0,12.0,12.0,12.0,0.0,0.0,0.0,0.0,1,0,0,0
AUT,2025-05-18,16:00:00,Wolfsberger AC,Austria Vienna,1.0,2.0,A,,,,2.49,3.28,2.84,2.61,3.37,2.95,,,1675.2,1655.7,19.5,3331.0,0.0058,0,9,13,3,6,1.0,0.8667,0.3333,0.4,6,7,5,0,5,7,7,0,0,2,2,0,0,0,0,3,42,3,5,2,2,0.25,10,1.9,1.8,0.9,2.2,1.4,0.8,-0.3,1.0586,0.0482,0.0482,0.0387,0.2466,12.0,12.0,12.0,12.0,0.0,0.0,0.0,0.0,0,0,1,0
AUT,2025-05-23,18:30:00,A. Klagenfurt,Hartberg,0.0,1.0,A,,,,2.26,3.6,2.93,2.32,3.8,3.1,,,1410.1,1542.2,-132.0,2952.3,0.0447,0,2,2,7,11,0.2222,0.1333,0.7778,0.7333,-5,-9,2,3,-1,6,6,0,0,2,2,0,0,0,0,3,43,3,1,6,4,0.16666666666666666,10,0.6,1.1,2.1,1.3,1.1,1.1,-0.7,1.0616,0.058,0.0265,0.058,-0.0051,12.0,12.0,12.0,12.0,0.0,0.0,0.0,0.0,0,0,1,1
AUT,2025-05-23,18:30:00,LASK,Altach,0.0,0.0,D,,,,2.9,3.55,2.3,3.09,3.71,2.41,,,1649.1,1418.8,230.3,3067.9,0.0751,1,4,10,2,5,0.4444,0.6667,0.2222,0.3333,2,5,-2,-1,-1,6,6,0,0,2,2,0,0,0,0,3,43,7,2,1,8,0.6,10,2.1,1.9,0.8,1.0,0.9,1.9,1.1,1.0613,0.0655,0.0655,0.0478,0.5244,12.0,12.0,12.0,12.0,0.0,0.0,0.0,0.0,0,1,0,1
AUT,2025-05-23,18:30:00,Tirol,Grazer AK,1.0,1.0,D,,,,3.18,2.82,2.49,3.45,2.92,2.63,,,1410.4,1445.0,-34.5,2855.4,0.0121,0,3,6,5,6,0.3333,0.4,0.5556,0.4,-2,0,0,4,-4,6,6,0,0,2,2,0,0,0,0,3,43,0,1,3,-1,0.0,4,0.9,1.1,1.8,1.0,1.1,1.8,-0.1,1.0707,0.0849,0.0849,0.0562,0.2572,12.0,12.0,12.0,12.0,0.0,0.0,0.0,0.0,0,1,0,1
AUT,2025-05-24,16:00:00,Austria Vienna,BW Linz,2.0,2.0,D,,,,1.31,5.24,9.44,1.34,6.0,11.0,,,1667.6,1497.0,170.7,3164.6,0.0539,0,3,9,0,4,0.3333,0.6,0.0,0.2667,3,5,-3,-4,1,6,6,0,0,2,2,0,0,0,0,3,43,6,2,1,11,0.75,9,1.9,1.5,0.9,0.8,0.6,1.2,1.1,1.0601,0.1653,0.0229,0.1653,0.0798,12.0,12.0,12.0,12.0,0.0,0.0,0.0,0.0,0,1,0,0
AUT,2025-05-24,16:00:00,Salzburg,SK Rapid,4.0,2.0,H,,,,1.47,4.9,5.65,1.52,5.1,6.4,,,1760.8,1623.6,137.1,3384.4,0.0405,0,6,7,6,7,0.6667,0.4667,0.6667,0.4667,0,0,5,5,0,6,6,0,0,1,2,0,0,0,0,3,43,4,3,3,2,0.25,10,2.1,2.0,0.8,0.8,1.0,1.8,1.3,1.0613,0.1327,0.034,0.1327,0.1262,12.0,12.0,12.0,12.0,0.0,0.0,0.0,0.0,1,0,0,0
AUT,2025-05-24,16:00:00,Sturm Graz,Wolfsberger AC,1.0,1.0,D,,,,1.89,3.52,4.08,1.99,3.61,4.64,,,1772.4,1663.3,109.1,3435.8,0.0318,0,6,6,6,10,0.6667,0.4,0.6667,0.6667,0,-4,6,2,4,6,6,0,0,1,2,0,0,0,0,3,43,5,3,2,0,0.5,10,2.3,2.6,0.9,1.8,1.8,1.3,0.5,1.0583,0.1373,0.0529,0.1373,0.2372,12.0,12.0,12.0,12.0,0.0,0.0,0.0,0.0,0,1,0,1
AUT,2025-08-01,19:30:00,LASK,Sturm Graz,0.0,2.0,A,,,,2.37,3.44,2.71,2.5,3.61,3.0,,,1642.5,1768.3,-125.7,3410.8,0.0369,0,2,8,4,7,0.2222,0.5333,0.4444,0.4667,-2,1,-4,1,-5,30,30,0,0,0,0,0,0,0,0,1,1,2,6,2,-6,0.4,10,2.2,1.8,0.5,1.4,1.4,1.6,0.8,1.0816,0.107,0.0549,0.107,0.0304,12.0,12.0,12.0,12.0,0.0,0.0,0.0,0.0,0,0,1,1
AUT,2025-08-02,16:00:00,Wolfsberger AC,Altach,0.0,2.0,A,,,,2.06,3.34,3.37,2.15,3.77,4.07,,,1667.5,1425.4,242.1,3092.9,0.0783,1,4,10,3,6,0.4444,0.6667,0.3333,0.4,1,4,-2,0,-2,30,30,0,0,0,0,0,0,0,0,1,1,4,1,5,4,0.2,10,1.9,1.9,0.9,0.8,0.8,1.9,1.1,1.0816,0.2077,0.0437,0.2077,0.4089,12.0,12.0,12.0,12.0,0.0,0.0,0.0,0.0,0,0,1,1
AUT,2025-08-02,18:30:00,Ried,Salzburg,2.0,2.0,D,,,,4.95,3.72,1.64,5.25,4.18,1.7,,,1363.1,1768.1,-405.0,3131.3,0.1293,1,4,5,6,9,0.4444,0.3333,0.6667,0.6,-2,-4,3,3,0,30,30,0,0,0,0,0,0,0,0,1,1,0,8,2,-30,0.0,10,0.3,1.0,2.1,1.7,1.8,1.3,-1.4,1.0806,0.1237,0.0606,0.0366,-0.06,12.0,12.0,12.0,12.0,0.0,0.0,0.0,0.0,0,1,0,0
AUT,2025-08-02,16:00:00,Tirol,Hartberg,4.0,2.0,H,,,,2.24,3.26,3.07,2.71,3.5,3.25,,,1410.1,1549.7,-139.6,2959.9,0.0472,0,4,4,7,11,0.4444,0.2667,0.7778,0.7333,-3,-7,4,3,1,30,30,0,0,0,0,0,0,0,0,1,1,1,7,2,-19,0.25,10,1.0,1.2,1.8,1.6,1.2,1.0,-0.6,1.0789,0.2098,0.2098,0.0586,-0.0126,12.0,12.0,12.0,12.0,0.0,0.0,0.0,0.0,1,0,0,0
AUT,2025-08-03,16:00:00,Grazer AK,Austria Vienna,2.0,2.0,D,,,,3.97,3.62,1.8,4.5,3.9,2.0,,,1445.3,1662.1,-216.8,3107.4,0.0698,1,5,7,4,7,0.5556,0.4667,0.4444,0.4667,1,0,3,1,2,30,30,0,0,0,0,0,0,0,0,1,1,0,3,0,-3,0.0,3,0.9,0.8,1.5,2.2,1.5,0.9,-1.3,1.0837,0.1335,0.1335,0.1111,0.068,12.0,12.0,12.0,12.0,0.0,0.0,0.0,0.0,0,1,0,0
AUT,2025-08-03,16:00:00,SK Rapid,BW Linz,1.0,0.0,H,,,,1.81,3.6,4.01,1.93,3.9,4.33,,,1616.3,1502.5,113.8,3118.8,0.0365,0,6,7,1,2,0.6667,0.4667,0.1111,0.1333,5,5,5,0,5,30,30,0,0,0,0,0,0,0,0,1,1,2,3,1,1,0.3333333333333333,6,1.6,1.6,0.8,0.9,0.7,1.2,0.7,1.0796,0.0833,0.0663,0.0798,0.2306,12.0,12.0,12.0,12.0,0.0,0.0,0.0,0.0,1,0,0,1
AUT,2025-08-09,16:00:00,Altach,Ried,1.0,0.0,H,,,,2.16,2.84,3.74,2.38,3.0,4.0,,,1449.1,1370.9,78.2,2820.0,0.0277,0,5,6,5,5,0.5556,0.4,0.5556,0.3333,0,1,4,5,-1,7,7,0,0,1,1,0,0,0,0,1,2,4,3,3,1,0.0,10,0.9,1.0,1.1,1.1,1.1,1.4,-0.2,1.0825,0.1019,0.1019,0.0695,0.2735,12.0,12.0,12.0,12.0,0.0,0.0,0.0,0.0,1,0,0,1
AUT,2025-08-09,16:00:00,BW Linz,Hartberg,0.0,1.0,A,,,,1.7,3.64,4.63,1.84,4.0,5.5,,,1496.7,1531.7,-35.0,3028.5,0.0116,0,1,1,6,10,0.1111,0.0667,0.6667,0.6667,-5,-9,1,2,-1,6,7,-1,0,1,1,0,0,0,0,1,2,1,3,2,0,0.3333333333333333,6,1.2,1.4,1.6,1.6,1.4,1.0,-0.4,1.0789,0.1879,0.0824,0.1879,0.005,12.0,12.0,12.0,12.0,0.0,0.0,0.0,0.0,0,0,1,1
AUT,2025-08-09,18:30:00,Salzburg,Grazer AK,5.0,0.0,H,,,,1.4,4.67,6.67,1.44,5.0,8.0,,,1760.3,1449.9,310.5,3210.2,0.0967,1,7,10,5,7,0.7778,0.6667,0.5556,0.4667,2,3,4,3,1,7,6,1,0,1,1,0,0,0,0,1,2,2,0,1,2,0.0,3,2.1,2.0,1.0,1.1,1.0,1.4,1.0,1.0783,0.1994,0.0286,0.1994,0.237,12.0,12.0,12.0,12.0,0.0,0.0,0.0,0.0,1,0,0,0
AUT,2025-08-10,16:00:00,Tirol,LASK,3.0,1.0,H,,,,3.33,3.55,2.01,3.6,3.75,2.12,,,1428.1,1631.6,-203.5,3059.7,0.0665,1,4,7,1,5,0.4444,0.4667,0.1111,0.3333,3,2,1,-3,4,8,9,-1,0,1,1,0,0,0,0,1,2,2,7,1,-5,0.16666666666666666,10,1.2,1.6,2.0,1.9,1.7,1.1,-0.7,1.0795,0.0811,0.0811,0.0547,0.0386,12.0,12.0,12.0,12.0,0.0,0.0,0.0,0.0,1,0,0,0
AUT,2025-08-10,16:00:00,Austria Vienna,Wolfsberger AC,0.0,2.0,A,,,,1.99,3.53,3.36,2.1,3.8,3.5,,,1657.5,1643.8,13.7,3301.3,0.0042,0,5,5,1,7,0.5556,0.3333,0.1111,0.4667,4,-2,5,-5,10,7,8,-1,0,1,1,0,0,0,0,1,2,6,3,1,-1,0.4,10,1.7,1.4,1.0,1.9,1.8,1.1,-0.2,1.0834,0.0765,0.0553,0.0417,0.1544,12.0,12.0,12.0,12.0,0.0,0.0,0.0,0.0,0,0,1,1
AUT,2025-08-10,16:00:00,Sturm Graz,SK Rapid,1.0,2.0,A,,,,2.13,3.49,3.09,2.25,3.75,3.2,,,1779.2,1622.0,157.1,3401.2,0.0462,0,4,10,6,9,0.4444,0.6667,0.6667,0.6,-2,1,-2,3,-5,9,7,2,0,1,1,0,0,0,0,1,2,4,3,3,2,0.6,10,2.3,2.6,0.9,0.7,1.2,2.2,1.6,1.0796,0.0745,0.0563,0.0356,0.3523,12.0,12.0,12.0,12.0,0.0,0.0,0.0,0.0,0,0,1,0
AUT,2025-08-16,16:00:00,Hartberg,Salzburg,1.0,2.0,A,,,,6.58,4.58,1.41,7.5,4.8,1.45,,,1542.0,1765.5,-223.4,3307.5,0.0675,1,6,10,7,10,0.6667,0.6667,0.7778,0.6667,-1,0,2,4,-2,7,7,0,0,2,2,0,0,0,0,1,3,0,9,1,-26,0.0,10,1.2,1.3,1.8,1.8,1.9,1.2,-0.6,1.0795,0.1398,0.1398,0.0284,0.1517,12.0,12.0,12.0,12.0,0.0,0.0,0.0,0.0,0,0,1,0
AUT,2025-08-16,18:30:00,Ried,Sturm Graz,1.0,3.0,A,,,,3.97,3.76,1.78,4.2,3.9,1.85,,,1364.3,1763.9,-399.6,3128.3,0.1277,1,2,5,4,7,0.2222,0.3333,0.4444,0.4667,-2,-2,-1,1,-2,7,6,1,0,2,1,0,0,0,0,1,3,0,6,4,-7,0.0,10,0.4,1.1,2.0,1.6,1.4,1.4,-1.2,1.0796,0.0579,0.0579,0.0393,-0.1029,12.0,12.0,12.0,12.0,0.0,0.0,0.0,0.0,0,0,1,0
AUT,2025-08-16,16:00:00,Grazer AK,Tirol,1.0,1.0,D,,,,2.58,3.39,2.52,2.7,3.6,2.7,,,1444.7,1448.3,-3.6,2893.0,0.0012,0,2,6,7,10,0.2222,0.4,0.7778,0.6667,-5,-4,-2,4,-6,7,6,1,0,2,2,0,0,0,0,1,3,1,0,4,1,0.5,5,1.0,0.7,1.3,0.8,1.3,1.6,0.2,1.0794,0.0714,0.0465,0.0714,0.2354,12.0,12.0,12.0,12.0,0.0,0.0,0.0,0.0,0,1,0,1
AUT,2025-08-17,16:00:00,LASK,Austria Vienna,2.0,1.0,H,,,,2.5,3.52,2.52,2.55,3.7,2.6,,,1611.4,1640.9,-29.5,3252.4,0.0091,0,1,2,2,5,0.1111,0.1333,0.2222,0.3333,-1,-3,0,-1,1,7,7,0,0,1,2,0,0,0,0,1,3,2,2,6,1,0.5,10,1.9,1.5,0.6,2.0,1.6,1.1,-0.1,1.0809,0.0511,0.02,0.0317,0.188,12.0,12.0,12.0,12.0,0.0,0.0,0.0,0.0,1,0,0,0
AUT,2025-08-17,16:00:00,SK Rapid,Altach,0.0,0.0,D,,,,1.8,3.57,4.08,1.9,3.75,4.5,,,1637.3,1455.7,181.6,3093.0,0.0587,0,6,12,7,9,0.6667,0.8,0.7778,0.6,-1,3,0,5,-5,7,8,-1,0,2,1,0,0,0,0,1,3,10,0,0,24,1.0,10,1.6,1.5,0.8,1.1,1.0,1.7,0.5,1.0808,0.1029,0.0556,0.1029,0.2957,12.0,12.0,12.0,12.0,0.0,0.0,0.0,0.0,0,1,0,1
AUT,2025-08-17,16:00:00,Wolfsberger AC,BW Linz,3.0,0.0,H,,,,1.92,3.45,3.71,1.99,3.65,4.0,,,1660.3,1486.4,173.9,3146.8,0.0553,0,4,7,1,1,0.4444,0.4667,0.1111,0.0667,3,6,1,1,0,7,8,-1,0,1,2,0,0,0,0,1,3,4,3,2,0,0.5,9,1.9,1.9,1.0,0.9,0.7,1.2,1.0,1.0802,0.0782,0.0365,0.0782,0.3207,12.0,12.0,12.0,12.0,0.0,0.0,0.0,0.0,1,0,0,0
AUT,2025-08-23,16:00:00,BW Linz,Ried,0.0,2.0,A,,,,2.46,3.16,2.81,2.63,3.4,3.2,,,1478.7,1361.1,117.6,2839.8,0.0414,0,0,1,1,5,0.0,0.0667,0.1111,0.3333,-1,-4,-1,-3,2,6,7,-1,0,2,2,0,0,0,0,1,4,0,0,0,0,0.5,0,1.2,1.3,1.5,1.1,1.1,1.3,0.1,1.0788,0.1388,0.0691,0.1388,0.3697,12.0,12.0,12.0,12.0,0.0,0.0,0.0,0.0,0,0,1,1
AUT,2025-08-23,16:00:00,Salzburg,LASK,3.0,0.0,H,,,,1.57,4.19,4.88,1.61,4.4,5.25,,,1770.7,1621.0,149.7,3391.8,0.0441,0,7,13,3,4,0.7778,0.8667,0.3333,0.2667,4,9,1,2,-1,7,6,1,0,2,2,0,0,0,0,1,4,6,4,0,6,0.3333333333333333,10,2.3,2.3,0.8,1.6,1.6,1.3,0.7,1.0805,0.0758,0.0255,0.0758,0.1903,12.0,12.0,12.0,12.0,0.0,0.0,0.0,0.0,1,0,0,0
AUT,2025-08-24,16:00:00,Altach,Grazer AK,1.0,1.0,D,,,,1.85,3.37,4.13,1.98,3.5,4.6,,,1461.4,1443.6,17.8,2905.0,0.0061,0,7,9,2,6,0.7778,0.6,0.2222,0.4,5,3,5,-2,7,7,8,-1,0,1,1,0,0,0,0,1,4,0,2,2,-2,0.0,4,1.2,1.0,0.9,1.0,1.0,1.9,0.2,1.0794,0.1138,0.0703,0.1138,0.123,12.0,12.0,12.0,12.0,0.0,0.0,0.0,0.0,0,1,0,1
AUT,2025-08-24,16:00:00,Austria Vienna,Hartberg,1.0,3.0,A,,,,1.63,3.88,4.83,1.66,4.1,5.25,,,1631.3,1536.8,94.6,3168.1,0.0298,0,1,5,3,9,0.1111,0.3333,0.3333,0.6,-2,-4,-3,-3,0,7,8,-1,0,2,1,0,0,0,0,1,4,8,1,1,15,1.0,10,1.4,1.3,1.2,1.6,1.2,1.0,-0.2,1.0783,0.087,0.0184,0.087,0.1516,12.0,12.0,12.0,12.0,0.0,0.0,0.0,0.0,0,0,1,0
AUT,2025-08-24,16:00:00,Wolfsberger AC,SK Rapid,1.0,2.0,A,,,,2.56,3.42,2.52,2.7,3.6,2.65,,,1668.0,1631.6,36.5,3299.6,0.0111,0,6,7,7,10,0.6667,0.4667,0.7778,0.6667,-1,-3,5,4,1,7,7,0,0,2,2,0,0,0,0,1,4,4,4,2,3,0.2,10,1.9,2.0,1.0,0.7,1.3,2.3,1.2,1.0798,0.0547,0.0547,0.0516,0.2869,12.0,12.0,12.0,12.0,0.0,0.0,0.0,0.0,0,0,1,0
AUT,2025-08-30,16:00:00,Salzburg,BW Linz,2.0,2.0,D,,,,1.28,5.44,8.89,1.31,5.8,10.0,,,1779.3,1458.4,320.9,3237.8,0.0991,1,9,13,0,1,1.0,0.8667,0.0,0.0667,9,12,5,-1,6,7,7,0,0,2,2,0,0,0,0,1,5,4,2,1,7,0.75,7,2.3,2.3,0.8,0.6,0.6,1.5,1.7,1.0776,0.1249,0.0234,0.1249,0.1796,12.0,12.0,12.0,12.0,0.0,0.0,0.0,0.0,0,1,0,0
AUT,2025-08-30,18:30:00,Grazer AK,Sturm Graz,0.0,3.0,A,,,,4.82,4.04,1.6,5.25,4.2,1.65,,,1445.3,1767.2,-321.8,3212.5,0.1002,1,2,4,6,7,0.2222,0.2667,0.6667,0.4667,-4,-3,0,5,-5,6,14,-8,-2,2,1,0,0,0,0,1,5,0,2,0,-4,0.0,2,1.1,0.8,1.1,1.6,1.4,1.5,-0.5,1.08,0.0892,0.0892,0.0312,-0.002,12.0,12.0,12.0,12.0,0.0,0.0,0.0,0.0,0,0,1,0
AUT,2025-08-30,16:00:00,LASK,Ried,1.0,3.0,A,,,,1.99,3.48,3.44,2.1,3.65,3.7,,,1612.4,1381.4,231.0,2993.8,0.0772,1,3,4,3,5,0.3333,0.2667,0.3333,0.3333,0,-1,2,1,1,7,7,0,0,2,2,0,0,0,0,1,5,3,3,4,0,0.3333333333333333,10,2.1,1.5,0.5,1.1,1.1,1.2,1.0,1.0806,0.0756,0.0553,0.0756,0.3847,12.0,12.0,12.0,12.0,0.0,0.0,0.0,0.0,0,0,1,0
AUT,2025-08-31,16:00:00,Tirol,Wolfsberger AC,1.0,1.0,D,,,,2.91,3.41,2.24,3.1,3.65,2.35,,,1449.4,1655.8,-206.4,3105.3,0.0665,1,7,8,6,7,0.7778,0.5333,0.6667,0.4667,1,1,6,5,1,15,7,8,2,0,2,0,0,0,0,1,5,4,4,2,3,0.4,10,1.5,1.9,1.8,1.9,1.6,0.8,-0.4,1.0833,0.0704,0.0653,0.0491,-0.004,12.0,12.0,12.0,12.0,0.0,0.0,0.0,0.0,0,1,0,1
AUT,2025-08-31,16:00:00,Austria Vienna,Altach,1.0,0.0,H,,,,1.84,3.46,4.02,1.92,3.6,4.75,,,1611.9,1459.7,152.2,3071.5,0.0496,0,0,2,5,9,0.0,0.1333,0.5556,0.6,-5,-7,-2,1,-3,7,7,0,0,2,2,0,0,0,0,1,5,4,2,4,5,0.75,10,1.1,1.1,1.5,1.2,1.0,1.4,-0.1,1.0813,0.1816,0.0435,0.1816,0.2797,12.0,12.0,12.0,12.0,0.0,0.0,0.0,0.0,1,0,0,1
AUT,2025-08-31,16:00:00,Hartberg,SK Rapid,0.0,1.0,A,,,,3.96,3.64,1.8,4.2,3.9,1.87,,,1556.3,1643.8,-87.5,3200.0,0.0273,0,6,9,7,10,0.6667,0.6,0.7778,0.6667,-1,-1,3,4,-1,7,7,0,0,1,2,0,0,0,0,1,5,4,5,1,-4,0.3333333333333333,10,1.1,1.3,1.9,0.9,1.3,2.2,0.2,1.0828,0.0714,0.0606,0.0389,0.2416,12.0,12.0,12.0,12.0,0.0,0.0,0.0,0.0,0,0,1,1
AUT,2025-09-13,16:00:00,Altach,LASK,1.0,0.0,H,,,,2.25,3.22,3.06,2.38,3.4,3.3,,,1454.7,1589.1,-134.4,3043.7,0.0442,0,2,8,3,3,0.2222,0.5333,0.3333,0.2,-1,5,-4,3,-7,13,14,-1,0,1,1,0,0,0,0,1,7,2,6,2,-5,0.0,10,1.2,1.0,0.9,1.6,1.5,1.4,-0.4,1.0818,0.0784,0.0578,0.0784,-0.0025,12.0,12.0,12.0,12.0,0.0,0.0,0.0,0.0,1,0,0,1
AUT,2025-09-13,16:00:00,BW Linz,Grazer AK,3.0,0.0,H,,,,2.19,3.21,3.17,2.3,3.4,3.25,,,1466.2,1439.6,26.6,2905.8,0.0092,0,1,1,2,3,0.1111,0.0667,0.2222,0.2,-1,-2,1,1,0,14,14,0,0,1,1,0,0,0,0,1,7,0,1,1,-1,0.0,2,0.9,1.1,1.6,0.8,0.9,1.9,0.1,1.0836,0.0592,0.0502,0.0252,0.2142,12.0,12.0,12.0,12.0,0.0,0.0,0.0,0.0,1,0,0,0
AUT,2025-09-13,16:00:00,Wolfsberger AC,Salzburg,3.0,1.0,H,,,,3.85,3.71,1.8,4.1,4.0,1.86,,,1651.3,1771.5,-120.2,3422.9,0.0351,0,4,7,7,11,0.4444,0.4667,0.7778,0.7333,-3,-4,1,3,-2,13,14,-1,0,1,1,0,0,0,0,1,7,1,7,2,-9,0.25,10,1.6,1.9,1.1,1.8,1.6,1.2,-0.2,1.0848,0.0782,0.0649,0.0333,0.1888,12.0,12.0,12.0,12.0,0.0,0.0,0.0,0.0,1,0,0,0
AUT,2025-09-14,13:30:00,Ried,Hartberg,0.0,2.0,A,,,,2.22,3.61,2.78,2.5,4.2,3.0,,,1404.8,1547.7,-142.9,2952.4,0.0484,0,6,7,3,6,0.6667,0.4667,0.3333,0.4,3,1,5,0,5,15,14,1,0,0,1,0,0,0,0,1,7,1,6,3,-9,0.14285714285714285,10,0.3,1.2,2.3,1.8,1.5,1.1,-1.5,1.0872,0.1634,0.1261,0.0791,-0.0177,12.0,12.0,12.0,12.0,0.0,0.0,0.0,0.0,0,0,1,1
AUT,2025-09-14,13:30:00,SK Rapid,Tirol,4.0,1.0,H,,,,1.5,4.23,5.33,1.53,4.4,5.75,,,1652.4,1453.9,198.4,3106.3,0.0639,0,7,13,5,9,0.7778,0.8667,0.5556,0.6,2,4,1,1,0,14,14,0,0,1,1,0,0,0,0,1,7,8,0,2,16,0.8,10,1.7,1.5,0.7,0.9,1.3,1.5,0.8,1.0907,0.0788,0.02,0.0788,0.213,12.0,12.0,12.0,12.0,0.0,0.0,0.0,0.0,1,0,0,0
AUT,2025-09-14,16:00:00,Sturm Graz,Austria Vienna,0.0,1.0,A,,,,2.24,3.31,2.99,2.33,3.45,3.25,,,1772.9,1616.9,156.0,3389.8,0.046,0,6,10,3,4,0.6667,0.6667,0.3333,0.2667,3,6,2,2,0,15,14,1,0,0,1,0,0,0,0,1,7,5,3,2,5,0.4,10,2.0,2.5,1.1,1.7,1.4,1.2,0.3,1.083,0.087,0.0402,0.087,0.3738,12.0,12.0,12.0,12.0,0.0,0.0,0.0,0.0,0,0,1,1
AUT,2025-09-20,16:00:00,Hartberg,Wolfsberger AC,2.0,2.0,D,,,,4.39,3.41,1.78,5.0,3.7,1.85,,,1557.8,1668.7,-110.9,3226.5,0.0344,0,6,9,4,10,0.6667,0.6,0.4444,0.6667,2,-1,3,-2,5,6,7,-1,0,1,1,0,0,0,0,1,8,7,2,1,6,0.6666666666666666,10,1.1,1.2,1.5,1.7,1.4,0.8,-0.6,1.0828,0.139,0.139,0.0393,0.2311,12.0,12.0,12.0,12.0,0.0,0.0,0.0,0.0,0,1,0,0
AUT,2025-09-20,16:00:00,Austria Vienna,Ried,3.0,2.0,H,,,,2.17,3.29,3.14,2.25,3.4,3.25,,,1632.0,1394.6,237.4,3026.7,0.0784,1,6,6,6,6,0.6667,0.4,0.6667,0.4,0,0,6,6,0,6,6,0,0,1,1,0,0,0,0,1,8,7,2,1,13,0.8,10,1.1,1.0,1.4,1.4,1.4,1.2,-0.3,1.0833,0.0369,0.0369,0.035,0.429,12.0,12.0,12.0,12.0,0.0,0.0,0.0,0.0,1,0,0,0
AUT,2025-09-20,16:00:00,Salzburg,Sturm Graz,0.0,2.0,A,,,,1.87,3.62,3.56,1.93,3.9,3.7,,,1754.2,1757.7,-3.5,3511.9,0.001,0,4,10,6,9,0.4444,0.6667,0.6667,0.6,-2,1,-2,3,-5,7,6,1,0,1,1,0,0,0,0,1,8,2,4,4,-10,0.2,10,2.3,2.4,0.9,1.9,1.7,1.2,0.4,1.0919,0.0773,0.0321,0.0393,0.1047,12.0,12.0,12.0,12.0,0.0,0.0,0.0,0.0,0,0,1,1
AUT,2025-09-21,13:30:00,LASK,BW Linz,2.0,0.0,H,,,,1.85,3.61,3.75,1.93,3.75,4.1,,,1576.4,1480.3,96.1,3056.7,0.0314,0,0,3,4,4,0.0,0.2,0.4444,0.2667,-4,-1,-3,4,-7,8,8,0,0,1,1,0,0,0,0,1,8,2,3,1,-1,0.6666666666666666,6,2.0,1.6,0.8,0.6,0.8,1.7,1.4,1.0842,0.0933,0.0432,0.0933,0.2237,12.0,12.0,12.0,12.0,0.0,0.0,0.0,0.0,1,0,0,1
AUT,2025-09-21,16:00:00,Grazer AK,SK Rapid,1.0,1.0,D,,,,4.93,3.81,1.62,5.5,4.0,1.7,,,1425.5,1659.4,-233.8,3084.9,0.0758,1,1,2,9,13,0.1111,0.1333,1.0,0.8667,-8,-11,0,5,-5,8,7,1,0,1,1,0,0,0,0,1,8,0,1,1,-3,0.0,2,1.0,0.8,1.4,1.2,1.3,2.0,-0.2,1.0826,0.1156,0.1156,0.0494,0.0929,12.0,12.0,12.0,12.0,0.0,0.0,0.0,0.0,0,1,0,1
AUT,2025-09-21,16:00:00,Altach,Tirol,1.0,1.0,D,,,,1.99,3.29,3.64,2.05,3.4,3.9,,,1467.4,1447.0,20.4,2914.3,0.007,0,4,8,2,8,0.4444,0.5333,0.2222,0.5333,2,0,0,-4,4,8,7,1,0,1,1,0,0,0,0,1,8,3,5,2,-3,0.2,10,1.5,1.0,0.7,0.6,1.1,1.9,0.9,1.0812,0.0714,0.0302,0.0714,0.1625,12.0,12.0,12.0,12.0,0.0,0.0,0.0,0.0,0,1,0,1
AUT,2025-09-27,16:00:00,BW Linz,Altach,1.0,0.0,H,,,,3.05,3.09,2.31,3.2,3.2,2.38,,,1471.4,1465.6,5.8,2937.1,0.002,0,4,4,4,6,0.4444,0.2667,0.4444,0.4,0,-2,4,2,2,6,6,0,0,2,2,0,0,0,0,1,9,2,1,4,0,0.3333333333333333,7,1.2,1.3,1.3,0.9,0.7,1.4,0.3,1.0844,0.0492,0.0492,0.0303,0.305,12.0,12.0,12.0,12.0,0.0,0.0,0.0,0.0,1,0,0,1
AUT,2025-09-27,16:00:00,Ried,Grazer AK,0.0,0.0,D,,,,1.93,3.37,3.75,1.98,3.5,4.2,,,1391.3,1430.6,-39.3,2821.9,0.0139,0,3,6,1,3,0.3333,0.4,0.1111,0.2,2,3,0,-1,1,7,6,1,0,2,2,0,0,0,0,1,9,0,0,0,0,0.5,0,0.3,1.1,2.2,0.5,0.7,2.1,-0.2,1.0815,0.12,0.0259,0.12,0.065,12.0,12.0,12.0,12.0,0.0,0.0,0.0,0.0,0,1,0,1
AUT,2025-09-27,16:00:00,Wolfsberger AC,LASK,1.0,0.0,H,,,,2.1,3.44,3.15,2.2,3.55,3.33,,,1666.7,1585.3,81.4,3251.9,0.025,0,5,8,3,6,0.5556,0.5333,0.3333,0.4,2,2,2,0,2,7,6,1,0,2,2,0,0,0,0,1,9,7,3,0,2,0.6666666666666666,10,1.6,1.9,1.2,1.5,1.5,1.5,0.1,1.0843,0.0571,0.0476,0.0571,0.2659,12.0,12.0,12.0,12.0,0.0,0.0,0.0,0.0,1,0,0,1
AUT,2025-09-28,16:00:00,SK Rapid,Austria Vienna,1.0,3.0,A,,,,1.81,3.53,4.02,1.87,3.7,4.25,,,1654.3,1635.4,18.9,3289.7,0.0058,0,7,11,9,9,0.7778,0.7333,1.0,0.6,-2,2,3,9,-6,7,8,-1,0,2,2,0,0,0,0,1,9,4,3,3,2,0.75,10,2.0,1.8,0.5,1.9,1.3,1.0,0.1,1.0845,0.0572,0.0331,0.0572,0.1158,12.0,12.0,12.0,12.0,0.0,0.0,0.0,0.0,0,0,1,0
AUT,2025-09-28,13:30:00,Sturm Graz,Hartberg,1.0,0.0,H,,,,1.69,3.81,4.43,1.75,4.0,5.0,,,1773.4,1559.8,213.6,3333.2,0.0641,1,6,9,4,7,0.6667,0.6,0.4444,0.4667,2,2,3,1,2,8,8,0,0,2,2,0,0,0,0,1,9,6,0,4,9,0.6,10,1.7,1.8,1.2,2.0,1.7,1.1,-0.3,1.0799,0.1287,0.0355,0.1287,0.2886,12.0,12.0,12.0,12.0,0.0,0.0,0.0,0.0,1,0,0,1
AUT,2025-09-28,13:30:00,Tirol,Salzburg,1.0,2.0,A,,,,4.77,4.16,1.58,5.25,4.33,1.62,,,1448.7,1738.6,-289.9,3187.2,0.0909,1,2,6,1,7,0.2222,0.4,0.1111,0.4667,1,-1,-2,-5,3,7,8,-1,0,2,1,0,0,0,0,1,9,0,8,2,-21,0.0,10,1.5,2.0,1.9,1.7,1.7,1.5,-0.2,1.0829,0.1006,0.1006,0.0253,0.0264,12.0,12.0,12.0,12.0,0.0,0.0,0.0,0.0,0,0,1,0
AUT,2025-10-04,16:00:00,Austria Vienna,BW Linz,0.0,1.0,A,,,,1.89,3.45,3.79,2.0,3.6,4.0,,,1651.9,1480.1,171.9,3132.0,0.0549,0,9,12,6,7,1.0,0.8,0.6667,0.4667,3,5,6,5,1,6,7,-1,0,2,2,0,0,0,0,1,10,6,2,2,11,0.6,10,1.4,1.3,1.5,0.6,0.7,1.7,0.8,1.0828,0.0582,0.0582,0.0554,0.3123,12.0,12.0,12.0,12.0,0.0,0.0,0.0,0.0,0,0,1,1
AUT,2025-10-04,16:00:00,Grazer AK,Wolfsberger AC,1.0,3.0,A,,,,4.06,3.44,1.83,4.5,3.6,1.88,,,1430.6,1673.3,-242.6,3103.9,0.0782,1,2,3,7,8,0.2222,0.2,0.7778,0.5333,-5,-5,1,6,-5,7,7,0,0,2,2,0,0,0,0,1,10,0,2,0,-3,0.0,2,1.1,0.8,1.3,1.7,1.3,0.7,-0.6,1.0835,0.1084,0.1084,0.0273,0.0428,12.0,12.0,12.0,12.0,0.0,0.0,0.0,0.0,0,0,1,0
AUT,2025-10-04,16:00:00,Ried,Tirol,2.0,0.0,H,,,,2.07,3.3,3.33,2.12,3.4,3.5,,,1391.2,1444.9,-53.6,2836.1,0.0189,0,1,7,1,3,0.1111,0.4667,0.1111,0.2,0,4,-5,-1,-4,7,6,1,0,2,2,0,0,0,0,1,10,1,6,3,-9,0.25,10,0.4,1.0,1.9,0.6,1.1,1.9,-0.2,1.0864,0.0511,0.0242,0.0511,0.0789,12.0,12.0,12.0,12.0,0.0,0.0,0.0,0.0,1,0,0,1
AUT,2025-10-05,16:00:00,Salzburg,SK Rapid,2.0,1.0,H,,,,1.99,3.67,3.23,2.08,4.0,3.4,,,1742.4,1637.7,104.7,3380.1,0.031,0,3,7,4,10,0.3333,0.4667,0.4444,0.6667,-1,-3,-1,-2,1,7,7,0,0,1,2,0,0,0,0,1,10,4,3,3,2,0.25,10,2.0,2.1,1.0,1.3,1.3,1.9,0.7,1.0846,0.0899,0.0452,0.0526,0.2688,12.0,12.0,12.0,12.0,0.0,0.0,0.0,0.0,1,0,0,0
AUT,2025-10-05,13:30:00,LASK,Hartberg,3.0,3.0,D,,,,1.8,3.65,3.96,1.87,3.8,4.2,,,1578.6,1556.0,22.6,3134.7,0.0072,0,3,3,4,7,0.3333,0.2,0.4444,0.4667,-1,-4,3,1,2,8,7,1,0,2,1,0,0,0,0,1,10,4,1,5,2,0.0,10,2.0,1.6,0.7,2.0,1.6,0.8,0.0,1.0821,0.0606,0.0389,0.0606,0.1168,12.0,12.0,12.0,12.0,0.0,0.0,0.0,0.0,0,1,0,0
AUT,2025-10-05,13:30:00,Altach,Sturm Graz,0.0,2.0,A,,,,2.92,3.23,2.3,3.0,3.4,2.42,,,1457.0,1777.1,-320.2,3234.1,0.099,1,4,5,6,12,0.4444,0.3333,0.6667,0.8,-2,-7,3,0,3,8,7,1,0,2,1,0,0,0,0,1,10,0,7,3,-10,0.0,10,1.5,1.1,0.8,2.2,1.8,0.9,-0.7,1.0868,0.0526,0.0274,0.0522,-0.1236,12.0,12.0,12.0,12.0,0.0,0.0,0.0,0.0,0,0,1,1
AUT,2025-10-18,16:00:00,Grazer AK,Hartberg,0.0,0.0,D,,,,2.85,3.14,2.42,3.1,3.3,2.55,,,1424.0,1557.8,-133.9,2981.8,0.0449,0,2,2,2,5,0.2222,0.1333,0.2222,0.3333,0,-3,2,-1,3,14,13,1,0,1,1,0,0,0,0,1,12,0,2,2,-6,0.0,4,1.1,0.8,1.4,1.8,1.6,1.0,-0.7,1.0826,0.0877,0.0877,0.0537,0.085,12.0,12.0,12.0,12.0,0.0,0.0,0.0,0.0,0,1,0,1
AUT,2025-10-18,16:00:00,Tirol,Austria Vienna,2.0,3.0,A,,,,3.55,3.3,2.0,4.0,3.5,2.1,,,1430.1,1636.5,-206.4,3066.6,0.0673,1,1,2,6,12,0.1111,0.1333,0.6667,0.8,-5,-10,0,0,0,14,14,0,0,1,1,0,0,0,0,1,12,1,7,2,-14,0.2,10,1.4,1.8,1.8,1.9,1.4,1.0,-0.5,1.0847,0.1268,0.1268,0.05,0.0535,12.0,12.0,12.0,12.0,0.0,0.0,0.0,0.0,0,0,1,0
AUT,2025-10-18,16:00:00,Wolfsberger AC,Ried,1.0,2.0,A,,,,2.0,3.26,3.64,2.05,3.4,3.75,,,1680.0,1406.0,274.0,3086.0,0.0888,1,7,11,4,7,0.7778,0.7333,0.4444,0.4667,3,4,3,1,2,14,14,0,0,1,1,0,0,0,0,1,12,6,2,2,4,0.6666666666666666,10,1.9,1.9,1.0,1.3,1.5,1.4,0.6,1.0815,0.0429,0.025,0.0302,0.4164,12.0,12.0,12.0,12.0,0.0,0.0,0.0,0.0,0,0,1,0
AUT,2025-10-19,13:30:00,BW Linz,Sturm Graz,3.0,4.0,A,,,,4.08,3.55,1.8,4.33,3.7,1.85,,,1495.5,1781.8,-286.3,3277.4,0.0874,1,6,10,9,12,0.6667,0.6667,1.0,0.8,-3,-2,2,6,-4,15,14,1,0,0,1,0,0,0,0,1,12,0,5,2,-8,0.0,7,1.2,1.2,1.2,2.2,1.8,0.8,-1.0,1.0823,0.0613,0.0613,0.0278,-0.0029,12.0,12.0,12.0,12.0,0.0,0.0,0.0,0.0,0,0,1,0
AUT,2025-10-19,16:00:00,SK Rapid,LASK,0.0,2.0,A,,,,1.8,3.77,3.8,1.85,3.95,4.33,,,1631.7,1576.9,54.8,3208.5,0.0171,0,1,7,4,4,0.1111,0.4667,0.4444,0.2667,-3,3,-5,4,-9,14,14,0,0,1,1,0,0,0,0,1,12,1,4,5,-8,0.2,10,1.7,1.4,0.8,1.2,1.3,1.5,0.5,1.084,0.1395,0.0278,0.1395,0.1597,12.0,12.0,12.0,12.0,0.0,0.0,0.0,0.0,0,0,1,1
AUT,2025-10-19,13:30:00,Salzburg,Altach,2.0,2.0,D,,,,1.65,3.9,4.48,1.7,4.2,4.8,,,1748.5,1452.3,296.2,3200.7,0.0925,1,6,7,1,4,0.6667,0.4667,0.1111,0.2667,5,3,5,-2,7,14,14,0,0,1,1,0,0,0,0,1,12,7,0,3,16,0.8,10,2.0,2.2,1.1,0.9,0.7,1.0,1.1,1.0857,0.0769,0.0303,0.0714,0.3335,12.0,12.0,12.0,12.0,0.0,0.0,0.0,0.0,0,1,0,0
AUT,2025-10-25,16:00:00,Altach,Hartberg,2.0,2.0,D,,,,2.07,3.12,3.61,2.2,3.25,3.9,,,1459.7,1555.2,-95.5,3014.8,0.0317,0,1,5,2,6,0.1111,0.3333,0.2222,0.4,-1,-1,-3,-2,-1,6,7,-1,0,1,1,0,0,0,0,1,13,0,4,6,-6,0.0,10,1.4,1.0,0.9,1.8,1.5,0.9,-0.4,1.0806,0.0803,0.0628,0.0803,0.0164,12.0,12.0,12.0,12.0,0.0,0.0,0.0,0.0,0,1,0,0
AUT,2025-10-25,16:00:00,LASK,Grazer AK,1.0,0.0,H,,,,1.6,3.78,5.2,1.62,4.0,6.0,,,1594.7,1426.6,168.1,3021.3,0.0556,0,4,7,2,3,0.4444,0.4667,0.2222,0.2,2,4,1,1,0,6,7,-1,0,1,1,0,0,0,0,1,13,2,1,1,2,1.0,4,1.8,1.7,0.9,0.6,0.5,1.7,1.2,1.0819,0.1538,0.0125,0.1538,0.2197,12.0,12.0,12.0,12.0,0.0,0.0,0.0,0.0,1,0,0,1
AUT,2025-10-25,16:00:00,Tirol,BW Linz,2.0,0.0,H,,,,2.95,3.19,2.33,3.14,3.3,2.38,,,1424.6,1491.7,-67.1,2916.2,0.023,0,0,1,6,9,0.0,0.0667,0.6667,0.6,-6,-8,-1,3,-4,7,6,1,0,1,1,0,0,0,0,1,13,3,5,2,-4,0.2,10,1.4,2.0,1.9,0.6,0.6,1.6,0.8,1.0816,0.0644,0.0644,0.0215,0.1907,12.0,12.0,12.0,12.0,0.0,0.0,0.0,0.0,1,0,0,1
AUT,2025-10-26,13:30:00,Sturm Graz,Wolfsberger AC,1.0,3.0,A,,,,2.32,3.27,2.88,2.4,3.4,3.0,,,1785.7,1662.8,122.9,3448.5,0.0356,0,9,12,6,10,1.0,0.8,0.6667,0.6667,3,2,6,2,4,7,8,-1,0,1,1,0,0,0,0,1,13,4,3,3,-2,0.4,10,1.9,1.7,1.0,1.7,1.3,0.8,0.2,1.0841,0.0417,0.0345,0.0417,0.3546,12.0,12.0,12.0,12.0,0.0,0.0,0.0,0.0,0,0,1,0
AUT,2025-10-26,13:30:00,Ried,SK Rapid,0.0,2.0,A,,,,2.71,3.27,2.45,2.85,3.4,2.57,,,1423.2,1613.8,-190.7,3037.0,0.0628,0,7,7,0,4,0.7778,0.4667,0.0,0.2667,7,3,7,-4,11,8,7,1,0,1,1,0,0,0,0,1,13,4,5,1,-1,0.8,10,0.6,1.1,1.8,1.3,1.3,1.9,-0.7,1.083,0.0517,0.0517,0.049,-0.0077,12.0,12.0,12.0,12.0,0.0,0.0,0.0,0.0,0,0,1,1
AUT,2025-10-26,16:00:00,Austria Vienna,Salzburg,0.0,3.0,A,,,,2.69,3.5,2.35,2.85,3.6,2.45,,,1642.0,1741.0,-99.0,3383.1,0.0293,0,6,12,7,7,0.6667,0.8,0.7778,0.4667,-1,5,0,7,-7,8,7,1,0,1,1,0,0,0,0,1,13,0,5,5,-9,0.0,10,1.1,1.1,1.6,1.7,1.8,1.6,-0.6,1.083,0.0595,0.0595,0.0426,0.1151,12.0,12.0,12.0,12.0,0.0,0.0,0.0,0.0,0,0,1,0
AUT,2025-11-01,16:00:00,BW Linz,LASK,0.0,1.0,A,,,,3.43,3.34,2.04,3.7,3.5,2.1,,,1476.3,1599.4,-123.1,3075.7,0.04,0,3,6,7,10,0.3333,0.4,0.7778,0.6667,-4,-4,0,4,-4,7,7,0,0,2,2,0,0,0,1,2,14,3,3,1,-1,1.0,7,0.9,1.1,1.5,1.5,1.3,1.1,-0.6,1.0811,0.0787,0.0787,0.0294,0.1545,12.0,12.0,12.0,12.0,0.0,0.0,0.0,0.0,0,0,1,1
AUT,2025-11-01,16:00:00,Grazer AK,Altach,3.0,1.0,H,,,,3.36,2.98,2.22,3.5,3.25,2.25,,,1421.9,1461.4,-39.5,2883.3,0.0137,0,1,3,2,3,0.1111,0.2,0.2222,0.2,-1,0,-1,1,-2,7,7,0,0,2,2,0,0,0,1,2,14,2,0,3,2,0.5,5,1.1,0.8,1.4,0.9,0.7,1.0,0.2,1.0836,0.0906,0.0417,0.0135,0.2691,12.0,12.0,12.0,12.0,0.0,0.0,0.0,0.0,1,0,0,0
AUT,2025-11-01,16:00:00,Hartberg,Austria Vienna,2.0,1.0,H,,,,3.56,3.37,1.97,3.9,3.5,2.05,,,1553.5,1627.9,-74.4,3181.3,0.0234,0,3,4,3,9,0.3333,0.2667,0.3333,0.6,0,-5,2,-3,5,7,6,1,0,2,2,0,0,0,1,2,14,2,7,1,-10,0.25,10,1.1,1.3,1.6,1.9,1.5,1.2,-0.8,1.0852,0.0955,0.0955,0.0406,0.2348,12.0,12.0,12.0,12.0,0.0,0.0,0.0,0.0,1,0,0,0
AUT,2025-11-02,16:00:00,SK Rapid,Sturm Graz,2.0,1.0,H,,,,2.5,3.42,2.55,2.6,3.6,2.65,,,1622.1,1765.5,-143.4,3387.5,0.0423,0,3,4,6,12,0.3333,0.2667,0.6667,0.8,-3,-8,2,0,2,7,7,0,0,2,2,0,0,0,1,2,14,4,4,2,-1,0.75,10,1.4,1.1,1.0,2.4,2.1,1.0,-1.0,1.0846,0.0526,0.04,0.0392,0.0271,12.0,12.0,12.0,12.0,0.0,0.0,0.0,0.0,1,0,0,0
AUT,2025-11-02,13:30:00,Salzburg,Ried,4.0,1.0,H,,,,1.92,3.55,3.54,2.0,3.8,4.0,,,1755.2,1414.9,340.3,3170.2,0.1073,1,7,10,6,7,0.7778,0.6667,0.6667,0.4667,1,3,4,5,-1,7,7,0,0,2,1,0,0,0,1,2,14,7,0,3,25,0.8,10,1.8,2.2,1.2,1.5,1.5,1.3,0.3,1.085,0.1299,0.0417,0.1299,0.4338,12.0,12.0,12.0,12.0,0.0,0.0,0.0,0.0,1,0,0,0
AUT,2025-11-02,13:30:00,Wolfsberger AC,Tirol,0.0,0.0,D,,,,1.64,3.72,4.82,1.7,3.95,5.33,,,1683.0,1439.9,243.1,3123.0,0.0778,1,6,10,3,4,0.6667,0.6667,0.3333,0.2667,3,6,2,2,0,7,8,-1,0,1,1,0,0,0,1,2,14,4,3,3,1,0.6,10,1.8,1.9,1.1,0.6,1.0,1.9,1.2,1.086,0.1058,0.0366,0.1058,0.297,12.0,12.0,12.0,12.0,0.0,0.0,0.0,0.0,0,1,0,1
AUT,2025-11-08,16:00:00,Austria Vienna,Grazer AK,2.0,1.0,H,,,,1.7,3.43,4.94,1.75,3.6,5.5,,,1616.7,1436.3,180.5,3053.0,0.0591,0,3,6,4,5,0.3333,0.4,0.4444,0.3333,-1,1,0,3,-3,7,7,0,0,2,2,0,0,0,1,2,15,3,0,1,3,1.0,4,1.0,1.1,1.9,0.6,0.5,1.5,0.4,1.0822,0.1134,0.0294,0.1134,0.2652,12.0,12.0,12.0,12.0,0.0,0.0,0.0,0.0,1,0,0,0
AUT,2025-11-08,16:00:00,Ried,BW Linz,2.0,1.0,H,,,,2.07,3.2,3.47,2.15,3.3,3.6,,,1411.4,1468.8,-57.4,2880.2,0.0199,0,3,7,0,6,0.3333,0.4667,0.0,0.4,3,1,-1,-6,5,6,7,-1,0,2,2,0,0,0,1,2,15,1,0,0,2,0.5,1,0.5,0.7,1.6,0.6,0.5,1.6,-0.1,1.0838,0.0386,0.0386,0.0375,0.0724,12.0,12.0,12.0,12.0,0.0,0.0,0.0,0.0,1,0,0,0
AUT,2025-11-08,16:00:00,Wolfsberger AC,Hartberg,1.0,2.0,A,,,,1.84,3.47,3.96,1.91,3.6,4.2,,,1676.4,1564.6,111.8,3241.0,0.0345,0,4,10,5,6,0.4444,0.6667,0.5556,0.4,-1,4,-2,4,-6,6,7,-1,0,2,2,0,0,0,1,2,15,2,6,2,-5,0.0,10,1.6,1.4,1.0,1.6,1.4,1.1,0.0,1.0842,0.0606,0.038,0.0606,0.2388,12.0,12.0,12.0,12.0,0.0,0.0,0.0,0.0,0,0,1,0
AUT,2025-11-09,13:30:00,Tirol,SK Rapid,1.0,1.0,D,,,,3.31,3.33,2.08,3.6,3.5,2.23,,,1446.6,1635.1,-188.5,3081.7,0.0612,0,4,4,6,6,0.4444,0.2667,0.6667,0.4,-2,-2,4,6,-2,7,7,0,0,1,2,0,0,0,1,2,15,0,8,2,-18,0.0,10,1.7,2.1,1.6,1.6,1.5,1.7,0.1,1.0832,0.0876,0.0876,0.0721,0.0569,12.0,12.0,12.0,12.0,0.0,0.0,0.0,0.0,0,1,0,1
AUT,2025-11-09,16:00:00,Sturm Graz,Salzburg,1.0,1.0,D,,,,2.3,3.49,2.77,2.38,3.6,2.9,,,1752.5,1758.8,-6.3,3511.2,0.0018,0,3,9,7,13,0.3333,0.6,0.7778,0.8667,-4,-4,-3,1,-4,7,7,0,0,2,2,0,0,0,1,2,15,5,2,3,12,0.75,10,1.6,1.6,1.2,1.9,2.0,1.5,-0.3,1.0823,0.0469,0.0348,0.0469,0.1889,12.0,12.0,12.0,12.0,0.0,0.0,0.0,0.0,0,1,0,1
AUT,2025-11-09,13:30:00,LASK,Altach,1.0,0.0,H,,,,1.82,3.36,4.19,1.87,3.5,4.75,,,1606.9,1447.0,159.9,3053.9,0.0524,0,9,10,2,2,1.0,0.6667,0.2222,0.1333,7,8,8,2,6,8,8,0,0,1,1,0,0,0,1,2,15,5,3,2,3,0.4,10,1.8,1.7,0.9,0.6,0.5,1.1,1.2,1.0857,0.1337,0.0275,0.1337,0.2837,12.0,12.0,12.0,12.0,0.0,0.0,0.0,0.0,1,0,0,1
AUT,2025-11-22,16:00:00,Altach,Wolfsberger AC,3.0,1.0,H,,,,2.97,3.13,2.34,3.2,3.25,2.45,,,1442.1,1662.3,-220.2,3104.5,0.0709,1,1,2,4,7,0.1111,0.1333,0.4444,0.4667,-3,-5,0,1,-1,13,14,-1,0,1,1,0,0,0,1,2,17,2,3,5,0,0.25,10,1.5,1.2,0.9,2.0,1.6,0.8,-0.5,1.0835,0.0774,0.0774,0.047,-0.0144,12.0,12.0,12.0,12.0,0.0,0.0,0.0,0.0,1,0,0,0
AUT,2025-11-22,16:00:00,BW Linz,Austria Vienna,2.0,3.0,A,,,,3.43,3.01,2.16,3.7,3.13,2.23,,,1458.2,1621.2,-163.0,3079.4,0.0529,0,0,3,3,6,0.0,0.2,0.3333,0.4,-3,-3,-3,0,-3,14,14,0,0,1,1,0,0,0,1,2,17,3,5,2,-6,0.4,10,0.9,1.1,1.4,1.6,1.4,1.4,-0.7,1.0867,0.0787,0.0787,0.0324,0.101,12.0,12.0,12.0,12.0,0.0,0.0,0.0,0.0,0,0,1,0
AUT,2025-11-22,16:00:00,Hartberg,Ried,2.0,0.0,H,,,,3.01,3.1,2.33,3.25,3.25,2.45,,,1578.6,1422.0,156.7,3000.6,0.0522,0,7,9,3,9,0.7778,0.6,0.3333,0.6,4,0,5,-3,8,14,14,0,0,1,1,0,0,0,1,2,17,7,0,3,12,0.6666666666666666,10,1.4,1.5,1.4,1.4,1.5,1.6,0.0,1.084,0.0797,0.0797,0.0515,0.4802,12.0,12.0,12.0,12.0,0.0,0.0,0.0,0.0,1,0,0,1
AUT,2025-11-23,16:00:00,SK Rapid,Grazer AK,1.0,2.0,A,,,,1.64,3.59,5.09,1.73,3.7,5.5,,,1631.0,1431.8,199.1,3062.8,0.065,0,7,7,3,4,0.7778,0.4667,0.3333,0.2667,4,3,7,2,5,14,15,-1,0,1,0,0,0,0,1,2,17,1,0,2,3,1.0,3,1.7,1.3,0.9,0.6,0.6,1.6,1.1,1.0848,0.0806,0.0549,0.0806,0.2627,12.0,12.0,12.0,12.0,0.0,0.0,0.0,0.0,0,0,1,0
AUT,2025-11-23,13:30:00,Salzburg,Tirol,2.0,3.0,A,,,,1.43,4.4,6.31,1.48,4.75,7.25,,,1759.6,1450.7,308.9,3210.4,0.0962,1,7,11,5,5,0.7778,0.7333,0.5556,0.3333,2,6,3,5,-2,14,14,0,0,1,1,0,0,0,1,2,17,8,0,2,17,0.8,10,2.1,2.5,1.1,0.7,0.9,1.7,1.4,1.0851,0.149,0.035,0.149,0.2541,12.0,12.0,12.0,12.0,0.0,0.0,0.0,0.0,0,0,1,0
AUT,2025-11-23,13:30:00,Sturm Graz,LASK,1.0,3.0,A,,,,1.94,3.52,3.47,2.0,3.7,3.6,,,1751.6,1611.8,139.8,3363.4,0.0416,0,1,7,9,13,0.1111,0.4667,1.0,0.8667,-8,-6,-5,5,-10,14,14,0,0,1,1,0,0,0,1,2,17,6,2,2,6,1.0,10,1.4,1.3,1.1,1.5,1.2,1.1,-0.1,1.0877,0.0511,0.0309,0.0375,0.296,12.0,12.0,12.0,12.0,0.0,0.0,0.0,0.0,0,0,1,0
AUT,2025-11-29,16:00:00,Austria Vienna,Tirol,0.0,0.0,D,,,,1.79,3.49,4.23,1.85,3.6,4.5,,,1627.8,1468.3,159.4,3096.1,0.0515,0,6,9,5,8,0.6667,0.6,0.5556,0.5333,1,1,3,2,1,7,6,1,0,1,1,0,0,0,1,2,18,8,1,1,15,1.0,10,1.3,1.2,1.7,0.9,1.2,1.9,0.4,1.0816,0.0638,0.0335,0.0638,0.2728,12.0,12.0,12.0,12.0,0.0,0.0,0.0,0.0,0,1,0,1
AUT,2025-11-29,16:00:00,Grazer AK,BW Linz,3.0,1.0,H,,,,2.63,2.84,2.84,2.75,2.95,3.0,,,1447.7,1451.6,-3.9,2899.4,0.0013,0,6,7,0,0,0.6667,0.4667,0.0,0.0,6,7,5,0,5,6,7,-1,0,1,1,0,0,0,1,2,18,1,1,1,-2,0.0,3,1.1,1.0,1.5,0.6,0.6,1.6,0.5,1.0845,0.0563,0.0456,0.0563,0.2434,12.0,12.0,12.0,12.0,0.0,0.0,0.0,0.0,1,0,0,0
AUT,2025-11-29,16:00:00,Ried,Wolfsberger AC,1.0,0.0,H,,,,2.56,3.18,2.64,2.66,3.3,2.8,,,1415.0,1641.3,-226.3,3056.4,0.074,1,3,6,1,4,0.3333,0.4,0.1111,0.2667,2,2,0,-2,2,7,7,0,0,1,1,0,0,0,1,2,18,3,6,1,-3,0.0,10,0.8,0.9,1.6,1.9,1.7,1.1,-1.1,1.0839,0.0606,0.0391,0.0606,-0.0713,12.0,12.0,12.0,12.0,0.0,0.0,0.0,0.0,1,0,0,1
AUT,2025-11-30,13:30:00,Hartberg,Sturm Graz,0.0,1.0,A,,,,3.68,3.49,1.91,4.2,3.7,2.05,,,1585.6,1730.8,-145.2,3316.4,0.0438,0,9,11,1,4,1.0,0.7333,0.1111,0.2667,8,7,7,-2,9,8,7,1,0,1,1,0,0,0,1,2,18,0,7,3,-10,0.0,10,1.4,1.5,1.3,2.1,2.0,1.1,-0.7,1.0818,0.1413,0.1413,0.0733,0.1422,12.0,12.0,12.0,12.0,0.0,0.0,0.0,0.0,0,0,1,1
AUT,2025-11-30,16:00:00,LASK,SK Rapid,3.0,0.0,H,,,,2.1,3.38,3.19,2.2,3.5,3.4,,,1632.5,1615.0,17.5,3247.5,0.0054,0,9,15,4,7,1.0,1.0,0.4444,0.4667,5,8,3,1,2,7,7,0,0,1,1,0,0,0,1,2,18,4,1,5,9,0.75,10,1.8,1.6,0.9,1.7,1.5,1.3,0.1,1.0855,0.0658,0.0476,0.0658,0.1847,12.0,12.0,12.0,12.0,0.0,0.0,0.0,0.0,1,0,0,0
AUT,2025-11-30,13:30:00,Altach,Salzburg,1.0,1.0,D,,,,3.06,3.33,2.19,3.3,3.5,2.3,,,1463.1,1742.0,-278.9,3205.1,0.087,1,3,5,4,8,0.3333,0.3333,0.4444,0.5333,-1,-3,1,0,1,8,7,1,0,1,1,0,0,0,1,2,18,0,7,3,-16,0.0,10,1.7,1.4,0.9,1.7,1.9,1.6,0.0,1.0837,0.0784,0.0784,0.0502,-0.0706,12.0,12.0,12.0,12.0,0.0,0.0,0.0,0.0,0,1,0,1
AUT,2025-12-03,19:30:00,Sturm Graz,Tirol,1.0,3.0,A,,,,1.65,3.69,4.87,1.73,3.85,5.2,,,1737.8,1473.4,264.4,3211.2,0.0823,1,4,4,5,9,0.4444,0.2667,0.5556,0.6,-1,-5,4,1,3,3,4,-1,0,2,2,1,0,0,1,2,18,8,0,2,13,1.0,10,1.1,1.2,1.4,1.0,1.2,1.7,0.1,1.0824,0.0678,0.0485,0.0678,0.3128,12.0,12.0,12.0,12.0,0.0,0.0,0.0,0.0,0,0,1,0
AUT,2025-12-06,16:00:00,Hartberg,LASK,2.0,2.0,D,,,,3.54,3.35,1.99,3.7,3.6,2.05,,,1578.6,1647.2,-68.6,3225.8,0.0213,0,6,10,9,15,0.6667,0.6667,1.0,1.0,-3,-5,2,3,-1,6,6,0,0,2,2,0,0,0,1,2,19,1,4,5,-2,0.0,10,1.4,1.3,1.1,1.5,1.4,1.2,-0.1,1.0835,0.0746,0.0452,0.0302,0.2413,12.0,12.0,12.0,12.0,0.0,0.0,0.0,0.0,0,1,0,0
AUT,2025-12-06,16:00:00,BW Linz,Salzburg,0.0,2.0,A,,,,4.21,3.63,1.75,4.6,3.75,1.83,,,1438.7,1736.0,-297.3,3174.7,0.0936,1,0,0,2,8,0.0,0.0,0.2222,0.5333,-2,-8,0,-4,4,7,6,1,0,2,2,0,0,0,1,2,19,2,4,2,-7,0.3333333333333333,8,0.9,1.2,1.5,1.5,1.7,1.6,-0.6,1.0844,0.0926,0.0926,0.0457,-0.0063,12.0,12.0,12.0,12.0,0.0,0.0,0.0,0.0,0,0,1,1
AUT,2025-12-06,16:00:00,SK Rapid,Ried,1.0,2.0,A,,,,1.98,3.41,3.49,2.15,3.6,3.7,,,1600.3,1430.0,170.3,3030.4,0.0562,0,1,7,6,6,0.1111,0.4667,0.6667,0.4,-5,1,-5,6,-11,6,7,-1,0,2,2,0,0,0,1,2,19,5,4,1,1,1.0,10,1.4,1.2,1.1,1.4,1.5,1.6,0.0,1.0848,0.0859,0.0859,0.0602,0.334,12.0,12.0,12.0,12.0,0.0,0.0,0.0,0.0,0,0,1,0
AUT,2025-12-07,13:30:00,Tirol,Altach,0.0,3.0,A,,,,2.71,3.07,2.57,2.8,3.2,2.63,,,1497.5,1469.1,28.3,2966.6,0.0095,0,7,9,4,5,0.7778,0.6,0.4444,0.3333,3,4,5,3,2,4,7,-3,-1,3,1,0,0,0,1,2,19,4,3,3,-1,0.5,10,1.5,1.7,1.4,0.6,0.5,1.1,0.9,1.0838,0.0423,0.0332,0.0233,0.2974,12.0,12.0,12.0,12.0,0.0,0.0,0.0,0.0,0,0,1,0
AUT,2025-12-07,16:00:00,Sturm Graz,Grazer AK,2.0,1.0,H,,,,1.81,3.33,4.37,1.9,3.4,4.8,,,1713.8,1460.7,253.1,3174.4,0.0797,1,3,4,6,9,0.3333,0.2667,0.6667,0.6,-3,-5,2,3,-1,4,8,-4,-2,3,2,0,0,0,1,2,19,3,0,0,7,1.0,3,0.8,1.1,1.7,0.8,0.8,1.7,0.0,1.0816,0.0984,0.0497,0.0984,0.3545,12.0,12.0,12.0,12.0,0.0,0.0,0.0,0.0,1,0,0,0
AUT,2025-12-07,13:30:00,Wolfsberger AC,Austria Vienna,2.0,1.0,H,,,,2.49,3.14,2.74,2.6,3.3,2.85,,,1626.3,1622.7,3.7,3249.0,0.0011,0,0,4,7,7,0.0,0.2667,0.7778,0.4667,-7,-3,-4,7,-11,8,8,0,0,1,1,0,0,0,1,2,19,3,6,1,2,0.0,10,1.3,1.3,1.1,1.9,1.7,1.4,-0.6,1.085,0.051,0.0442,0.0401,0.2343,12.0,12.0,12.0,12.0,0.0,0.0,0.0,0.0,1,0,0,0
AUT,2025-12-13,16:00:00,Hartberg,Tirol,2.0,1.0,H,,,,2.67,3.23,2.49,2.83,3.5,2.7,,,1579.6,1477.1,102.5,3056.6,0.0335,0,4,10,4,8,0.4444,0.6667,0.4444,0.5333,0,2,-2,0,-2,7,6,1,0,2,3,0,0,0,1,2,20,7,2,1,17,1.0,10,1.5,1.5,1.2,1.3,1.5,1.5,0.2,1.0857,0.0843,0.0599,0.0843,0.3848,12.0,12.0,12.0,12.0,0.0,0.0,0.0,0.0,1,0,0,0
AUT,2025-12-13,16:00:00,Grazer AK,LASK,1.0,2.0,A,,,,3.53,3.23,2.04,3.75,3.4,2.1,,,1457.4,1646.3,-188.8,3103.7,0.0608,0,6,9,7,13,0.6667,0.6,0.7778,0.8667,-1,-4,3,1,2,6,7,-1,0,2,2,0,0,0,1,2,20,1,3,1,-3,0.5,5,1.4,1.3,1.3,1.3,1.2,1.3,0.1,1.0831,0.0623,0.0623,0.0294,0.0738,12.0,12.0,12.0,12.0,0.0,0.0,0.0,0.0,0,0,1,0
AUT,2025-12-13,16:00:00,Ried,Altach,3.0,0.0,H,,,,2.35,3.05,3.02,2.45,3.2,3.2,,,1445.3,1489.5,-44.2,2934.9,0.0151,0,6,9,7,7,0.6667,0.6,0.7778,0.4667,-1,2,3,7,-4,7,6,1,0,2,2,0,0,0,1,2,20,2,5,3,-3,0.0,10,1.1,0.9,1.4,0.9,0.8,1.0,0.2,1.0845,0.0596,0.0426,0.0596,0.1447,12.0,12.0,12.0,12.0,0.0,0.0,0.0,0.0,1,0,0,0
AUT,2025-12-14,13:30:00,BW Linz,SK Rapid,1.0,1.0,D,,,,3.33,3.24,2.1,3.6,3.4,2.23,,,1433.6,1585.0,-151.4,3018.6,0.0502,0,0,0,0,4,0.0,0.0,0.0,0.2667,0,-4,0,-4,4,8,8,0,0,1,2,0,0,0,1,2,20,3,3,1,-2,0.6666666666666666,7,0.6,1.0,1.6,1.7,1.4,1.4,-1.1,1.0851,0.0811,0.0811,0.0619,0.1082,12.0,12.0,12.0,12.0,0.0,0.0,0.0,0.0,0,1,0,1
AUT,2025-12-14,16:00:00,Austria Vienna,Sturm Graz,3.0,1.0,H,,,,2.65,3.19,2.54,2.8,3.3,2.8,,,1613.7,1717.0,-103.3,3330.7,0.031,0,4,7,6,7,0.4444,0.4667,0.6667,0.4667,-2,0,1,5,-4,7,7,0,0,1,3,0,0,0,1,2,20,4,4,2,-3,0.2,10,1.1,1.0,1.6,2.4,2.0,0.9,-1.3,1.0845,0.1024,0.0566,0.1024,0.1043,12.0,12.0,12.0,12.0,0.0,0.0,0.0,0.0,1,0,0,0
AUT,2025-12-14,13:30:00,Salzburg,Wolfsberger AC,2.0,1.0,H,,,,1.66,3.96,4.34,1.78,4.33,4.75,,,1741.2,1635.3,105.9,3376.4,0.0314,0,4,8,3,4,0.4444,0.5333,0.3333,0.2667,1,4,0,2,-2,8,7,1,0,2,1,0,0,0,1,2,20,6,2,2,3,0.8,10,2.0,2.6,1.3,1.6,1.5,1.1,0.4,1.0853,0.0945,0.0723,0.0945,0.1784,12.0,12.0,12.0,12.0,0.0,0.0,0.0,0.0,1,0,0,0
