Division,MatchDate,MatchTime,HomeTeam,AwayTeam,FTHome,FTAway,FTResult,HTHome,HTAway,HTResult,OddHome,OddDraw,OddAway,MaxHome,MaxDraw,MaxAway,OddUnder25,OddOver25,MaxUnder25,MaxOver25,HomeElo,AwayElo,elo_diff,elo_sum,elo_mismatch,elo_mismatch_flag,Form3Home,Form5Home,Form3Away,Form5Away,Form3Home_ratio,Form5Home_ratio,Form3Away_ratio,Form5Away_ratio,form_diff_3,form_diff_5,form_momentum_home,form_momentum_away,form_momentum,home_rest_days,away_rest_days,rest_diff,rest_diff_nonlinear,home_congestion_14d,away_congestion_14d,is_midweek,is_early_kickoff,is_evening_match,winter_period,season_phase,match_week,h2h_home_wins,h2h_away_wins,h2h_draws,h2h_home_goals_diff,h2h_home_venue_record,h2h_matches_count,home_team_home_ppg,home_team_goals_scored_avg,home_team_goals_conceded_avg,away_team_away_ppg,away_team_goals_scored_avg,away_team_goals_conceded_avg,venue_ppg_diff,overround,odds_disagreement,sharp_money_home,sharp_money_away,elo_vs_odds_home,home_shots_avg,home_shots_against_avg,away_shots_avg,away_shots_against_avg,shots_dominance_home,shots_dominance_away,corners_diff,discipline_diff,target_home,target_draw,target_away,target_UNDER25
D2,2025-08-01,19:30:00,Schalke 04,Hertha,2.0,1.0,H,2.0,0.0,H,2.83,3.39,2.33,2.95,3.55,2.45,2.24,1.59,2.34,1.65,1484.2,1555.6,-71.3,3039.8,0.0235,0,0,1,4,8,0.0,0.0667,0.4444,0.5333,-4,-7,-1,0,-1,30,30,0,0,0,0,0,0,0,0,1,1,1,2,1,-3,0.0,4,1.4,1.5,1.7,1.3,1.3,1.6,0.1,1.0775,0.0515,0.0424,0.0515,0.1701,11.7,14.5,12.9,12.7,-2.8,0.2,0.2,0.4,1,0,0,0
D2,2025-08-02,12:00:00,Paderborn,Holstein Kiel,2.0,1.0,H,1.0,0.0,H,2.14,3.69,2.91,2.22,3.95,3.14,2.37,1.53,2.52,1.56,1592.2,1654.5,-62.3,3246.7,0.0192,0,6,10,7,10,0.6667,0.6667,0.7778,0.6667,-1,0,2,4,-2,30,30,0,0,0,0,0,0,0,0,1,1,3,4,3,0,0.2,10,1.3,1.7,1.5,2.3,1.9,0.6,-1.0,1.0819,0.079,0.0374,0.079,0.0792,17.1,10.4,13.0,14.5,6.7,-1.5,0.3,-0.3,1,0,0,0
D2,2025-08-02,12:00:00,Elversberg,Nurnberg,1.0,0.0,H,0.0,0.0,D,2.06,3.71,3.08,2.17,3.9,3.3,2.41,1.51,2.5,1.56,1617.0,1518.6,98.4,3135.6,0.0314,0,9,11,3,4,1.0,0.7333,0.3333,0.2667,6,7,7,2,5,30,30,0,0,0,0,0,0,0,0,1,1,2,2,0,-1,0.5,4,1.7,2.3,1.4,1.4,1.8,1.8,0.3,1.0797,0.0714,0.0534,0.0714,0.2753,15.8,10.1,9.2,17.0,5.7,-7.8,1.2,-1.9,1,0,0,1
D2,2025-08-02,12:00:00,Karlsruhe,Preußen Münster,3.0,2.0,H,2.0,1.0,H,1.87,3.79,3.57,1.93,4.16,3.8,2.11,1.66,2.15,1.75,1584.6,1500.0,84.6,3084.6,0.0274,0,5,11,3,5,0.5556,0.7333,0.3333,0.3333,2,6,-1,1,-2,30,7,23,2,0,0,0,0,0,0,1,1,0,0,0,0,0.5,0,2.0,1.7,1.0,1.0,1.0,1.4,1.0,1.0787,0.0976,0.0321,0.0644,0.2132,12.6,15.8,13.31,13.31,-3.2,0.0,-0.72,0.19,1,0,0,0
D2,2025-08-02,19:30:00,Bielefeld,Fortuna Dusseldorf,5.0,1.0,H,1.0,1.0,D,2.23,3.58,2.83,2.33,3.8,2.95,2.18,1.62,2.27,1.65,1516.7,1605.8,-89.0,3122.5,0.0285,0,4,5,4,6,0.4444,0.3333,0.4444,0.4,0,-1,3,2,1,30,30,0,0,0,0,0,0,0,0,1,1,2,6,2,-11,0.4,10,1.0,1.5,1.6,1.1,1.5,2.0,-0.1,1.0811,0.0615,0.0448,0.0424,0.0579,14.5,14.8,11.2,15.6,-0.3,-4.4,1.2,-0.6,1,0,0,0
D2,2025-08-02,12:00:00,Darmstadt,Bochum,4.0,1.0,H,2.0,1.0,H,2.17,3.54,2.96,2.27,3.7,3.11,2.25,1.58,2.29,1.64,1553.6,1631.6,-78.0,3185.2,0.0245,0,3,7,7,10,0.3333,0.4667,0.7778,0.6667,-4,-3,-1,4,-5,30,30,0,0,0,0,0,0,0,0,1,1,2,4,4,0,0.4,10,1.9,1.7,1.1,1.7,1.5,1.3,0.2,1.0812,0.0507,0.0461,0.0507,0.0622,15.1,12.2,11.2,11.8,2.9,-0.6,0.0,0.8,1,0,0,0
D2,2025-08-03,12:30:00,Greuther Furth,Dresden,3.0,2.0,H,2.0,1.0,H,2.17,3.63,2.89,2.27,3.8,3.11,2.27,1.57,2.33,1.63,1488.7,1410.5,78.3,2899.2,0.027,0,4,4,2,4,0.4444,0.2667,0.2222,0.2667,2,0,4,0,4,30,30,0,0,0,0,0,0,0,0,1,1,5,1,4,8,0.8,10,1.8,1.8,1.4,0.8,0.9,1.5,1.0,1.0823,0.0761,0.0461,0.0761,0.2755,11.7,12.3,11.6,14.4,-0.6,-2.8,-0.8,-0.3,1,0,0,0
D2,2025-08-03,12:30:00,Hannover,Kaiserslautern,1.0,0.0,H,0.0,0.0,D,1.9,3.72,3.49,1.98,3.95,3.67,2.17,1.63,2.24,1.67,1570.0,1542.9,27.1,3112.8,0.0087,0,5,8,4,7,0.5556,0.5333,0.4444,0.4667,1,1,2,1,1,30,30,0,0,0,0,0,0,0,0,1,1,3,3,2,2,0.5,8,1.3,1.1,1.1,1.0,1.4,2.5,0.3,1.0817,0.0618,0.0421,0.0516,0.1496,13.7,14.6,15.3,12.8,-0.9,2.5,0.2,0.7,1,0,0,1
D2,2025-08-03,12:30:00,Magdeburg,Braunschweig,0.0,1.0,A,0.0,0.0,D,1.8,3.66,3.99,1.85,3.9,4.5,2.09,1.67,2.15,1.72,1555.2,1455.4,99.8,3010.6,0.0332,0,3,7,1,5,0.3333,0.4667,0.1111,0.3333,2,2,-1,-3,2,30,30,0,0,0,0,0,0,0,0,1,1,3,2,1,1,0.3333333333333333,6,1.7,2.1,1.7,1.0,1.0,1.8,0.7,1.0794,0.1278,0.0278,0.1278,0.212,12.6,13.1,12.1,14.1,-0.5,-2.0,0.6,0.0,0,0,1,1
D2,2025-08-08,17:30:00,Nurnberg,Darmstadt,0.0,1.0,A,0.0,0.0,D,2.77,3.62,2.24,3.0,3.8,2.3,2.23,1.59,2.28,1.62,1512.7,1571.9,-59.2,3084.7,0.0192,0,3,4,6,7,0.3333,0.2667,0.6667,0.4667,-3,-3,2,5,-3,6,6,0,0,1,1,0,0,0,0,1,2,3,5,2,-3,0.4,10,1.5,1.4,1.4,0.3,0.9,1.8,1.2,1.0837,0.083,0.083,0.0268,0.1824,8.9,16.0,14.7,12.5,-7.1,2.2,-2.1,1.2,0,0,1,1
D2,2025-08-08,17:30:00,Preußen Münster,Paderborn,1.0,1.0,D,0.0,1.0,A,3.08,3.26,2.22,3.33,3.4,2.31,1.92,1.8,1.95,1.85,1493.8,1602.4,-108.6,3096.3,0.0351,0,0,0,6,10,0.0,0.0,0.6667,0.6667,-6,-10,0,2,-2,6,6,0,0,1,1,0,0,0,0,1,2,0,0,0,0,0.5,0,1.5,1.3,1.1,1.8,1.5,1.1,-0.3,1.0819,0.0812,0.0812,0.0405,0.1446,11.0,13.0,16.7,10.5,-2.0,6.2,0.2,3.0,0,1,0,1
D2,2025-08-09,19:30:00,Kaiserslautern,Schalke 04,1.0,0.0,H,0.0,0.0,D,2.22,3.53,2.88,2.38,3.7,3.05,2.12,1.65,2.2,1.67,1535.3,1494.7,40.6,3030.0,0.0134,0,3,7,3,3,0.3333,0.4667,0.3333,0.2,0,4,-1,3,-4,6,8,-2,-1,1,1,0,0,0,0,1,2,3,1,0,4,1.0,4,2.0,1.6,0.9,1.1,1.4,1.6,0.9,1.081,0.0721,0.0721,0.059,0.2372,15.0,12.8,12.3,13.9,2.2,-1.6,-0.4,-1.5,1,0,0,1
D2,2025-08-09,12:00:00,Fortuna Dusseldorf,Hannover,0.0,2.0,A,0.0,0.0,D,2.45,3.53,2.55,2.55,3.8,2.6,2.13,1.65,2.23,1.7,1583.9,1577.5,6.3,3161.4,0.002,0,3,5,5,11,0.3333,0.3333,0.5556,0.7333,-2,-6,1,-1,2,7,6,1,0,1,1,0,0,0,0,1,2,2,2,6,-3,0.4,10,2.0,2.2,1.5,1.5,1.1,1.1,0.5,1.0836,0.0765,0.0408,0.0196,0.2315,11.4,15.3,13.6,14.2,-3.9,-0.6,-1.9,0.1,0,0,1,1
D2,2025-08-09,12:00:00,Braunschweig,Greuther Furth,3.0,2.0,H,2.0,1.0,H,2.31,3.37,2.84,2.4,3.65,3.0,1.94,1.78,2.0,1.85,1469.7,1495.0,-25.3,2964.7,0.0085,0,3,5,7,7,0.3333,0.3333,0.7778,0.4667,-4,-2,1,7,-6,6,6,0,0,1,1,0,0,0,0,1,2,2,6,2,-7,0.4,10,1.2,1.2,1.9,0.7,0.6,1.8,0.5,1.0817,0.0831,0.039,0.0563,0.1638,11.7,14.5,11.8,13.2,-2.8,-1.4,-1.4,0.4,1,0,0,0
D2,2025-08-09,12:00:00,Dresden,Magdeburg,1.0,2.0,A,1.0,2.0,A,2.38,3.58,2.6,2.47,3.75,2.7,2.3,1.55,2.43,1.6,1404.2,1540.9,-136.7,2945.2,0.0464,0,1,3,3,4,0.1111,0.2,0.3333,0.2667,-2,-1,-1,2,-3,6,6,0,0,1,1,0,0,0,0,1,2,0,0,2,0,0.0,2,0.8,0.9,1.3,1.5,2.1,1.5,-0.7,1.0841,0.0475,0.0378,0.0385,0.0176,12.2,13.8,13.3,13.1,-1.6,0.2,0.3,-0.4,0,0,1,0
D2,2025-08-10,12:30:00,Bochum,Elversberg,2.0,0.0,H,0.0,0.0,D,1.94,3.64,3.39,2.0,3.85,3.55,2.13,1.64,2.16,1.67,1613.3,1622.8,-9.5,3236.1,0.0029,0,4,7,9,13,0.4444,0.4667,1.0,0.8667,-5,-6,1,5,-4,8,8,0,0,1,1,0,0,0,0,1,2,0,0,0,0,0.5,0,2.4,2.5,1.2,1.9,1.6,0.6,0.5,1.0852,0.0577,0.0309,0.0472,0.1111,11.5,13.0,15.6,10.0,-1.5,5.6,0.6,-0.2,1,0,0,1
D2,2025-08-10,12:30:00,Hertha,Karlsruhe,0.0,0.0,D,0.0,0.0,D,1.78,3.79,3.9,1.83,4.1,4.1,2.13,1.64,2.2,1.67,1545.0,1590.8,-45.8,3135.9,0.0146,0,1,5,7,11,0.1111,0.3333,0.7778,0.7333,-6,-6,-3,3,-6,9,8,1,0,1,1,0,0,0,0,1,2,4,1,1,11,0.6666666666666666,6,1.0,1.1,1.2,0.9,1.3,2.0,0.1,1.0821,0.0818,0.0281,0.0513,0.0156,12.3,13.3,13.2,14.5,-1.0,-1.3,1.8,-0.3,0,1,0,1
D2,2025-08-10,12:30:00,Holstein Kiel,Bielefeld,0.0,2.0,A,0.0,2.0,A,2.14,3.61,2.93,2.2,3.75,3.1,2.24,1.58,2.3,1.62,1644.3,1538.7,105.6,3182.9,0.0332,0,4,7,4,8,0.4444,0.4667,0.4444,0.5333,0,-1,1,0,1,8,8,0,0,1,1,0,0,0,0,1,2,1,6,1,-6,0.25,8,1.9,2.0,1.2,1.3,1.7,2.0,0.6,1.0856,0.058,0.028,0.058,0.3027,11.8,14.0,14.6,14.5,-2.2,0.1,-1.3,0.4,0,0,1,1
D2,2025-08-22,17:30:00,Elversberg,Kaiserslautern,2.0,1.0,H,1.0,0.0,H,1.99,3.53,3.38,2.1,3.75,3.6,1.93,1.8,1.98,1.87,1610.6,1542.5,68.1,3153.2,0.0216,0,6,12,3,7,0.6667,0.8,0.3333,0.4667,3,5,0,-1,1,12,13,-1,0,1,1,0,0,0,0,1,4,2,1,1,1,1.0,4,1.7,2.2,1.3,0.7,1.1,2.6,1.0,1.0817,0.0651,0.0553,0.0651,0.2243,14.2,11.0,14.7,12.5,3.2,2.2,-1.5,0.1,1,0,0,0
D2,2025-08-22,17:30:00,Preußen Münster,Nurnberg,2.0,1.0,H,2.0,0.0,H,2.35,3.35,2.82,2.41,3.5,2.95,1.84,1.88,1.9,1.96,1495.3,1502.7,-7.5,2998.0,0.0025,0,1,1,3,3,0.1111,0.0667,0.3333,0.2,-2,-2,1,3,-2,14,14,0,0,1,1,0,0,0,0,1,4,0,0,0,0,0.5,0,1.0,1.0,1.0,1.4,1.7,1.7,-0.4,1.0786,0.0461,0.0255,0.0461,0.1945,9.0,14.5,9.5,16.7,-5.5,-7.2,1.5,-1.0,1,0,0,0
D2,2025-08-23,12:00:00,Hannover,Magdeburg,3.0,1.0,H,2.0,0.0,H,1.94,3.6,3.45,2.05,3.75,3.8,2.15,1.63,2.2,1.67,1594.3,1548.7,45.6,3143.0,0.0145,0,7,11,6,6,0.7778,0.7333,0.6667,0.4,1,5,3,6,-3,14,14,0,0,1,1,0,0,0,0,1,4,4,1,1,10,0.3333333333333333,6,1.3,0.9,0.9,1.5,2.1,1.5,-0.2,1.0831,0.1014,0.0567,0.1014,0.1845,13.4,14.1,12.6,14.0,-0.7,-1.4,0.2,0.3,1,0,0,0
D2,2025-08-23,12:00:00,Karlsruhe,Braunschweig,2.0,0.0,H,1.0,0.0,H,1.81,3.74,3.83,1.88,4.0,4.0,2.1,1.66,2.15,1.7,1591.2,1478.8,112.4,3070.0,0.0366,0,7,9,6,7,0.7778,0.6,0.6667,0.4667,1,2,5,5,0,13,14,-1,0,1,1,0,0,0,0,1,4,3,4,3,-1,0.2,10,2.0,1.6,1.0,1.3,1.1,1.3,0.7,1.081,0.0695,0.0387,0.0444,0.2297,13.4,14.6,11.2,15.1,-1.2,-3.9,2.0,0.3,1,0,0,1
D2,2025-08-23,12:00:00,Paderborn,Fortuna Dusseldorf,1.0,2.0,A,0.0,2.0,A,1.75,3.77,4.09,1.81,3.95,4.3,2.07,1.68,2.1,1.71,1601.0,1567.1,33.9,3168.1,0.0107,0,4,10,0,4,0.4444,0.6667,0.0,0.2667,4,6,-2,-4,2,15,14,1,0,0,1,0,0,0,0,1,4,5,3,2,4,0.6,10,1.6,1.8,1.4,1.0,1.5,2.4,0.6,1.0812,0.0513,0.0343,0.0513,0.1167,17.1,9.8,10.6,15.3,7.3,-4.7,1.1,-1.6,0,0,1,0
D2,2025-08-23,19:30:00,Schalke 04,Bochum,2.0,1.0,H,0.0,0.0,D,2.38,3.45,2.67,2.46,3.6,2.85,2.0,1.73,2.08,1.78,1487.5,1625.5,-138.0,3113.0,0.0443,0,3,3,6,10,0.3333,0.2,0.6667,0.6667,-3,-7,3,2,1,14,13,1,0,1,1,0,0,0,0,1,4,0,0,0,0,0.5,0,1.6,1.6,1.7,1.6,1.5,1.6,0.0,1.0846,0.0674,0.0336,0.0674,0.016,12.2,13.8,11.6,11.5,-1.6,0.1,0.1,1.6,1,0,0,0
D2,2025-08-24,12:30:00,Darmstadt,Hertha,0.0,0.0,D,0.0,0.0,D,2.06,3.46,3.26,2.13,3.7,3.6,2.21,1.59,2.3,1.66,1581.9,1544.7,37.3,3126.6,0.0119,0,9,9,2,5,1.0,0.6,0.2222,0.3333,7,4,9,-1,10,16,14,2,0,0,1,0,0,0,0,1,4,1,0,1,2,1.0,2,2.1,2.1,1.2,1.3,1.3,1.6,0.8,1.0812,0.1043,0.034,0.1043,0.2006,15.2,11.7,12.4,13.8,3.5,-1.4,-0.9,-0.1,0,1,0,1
D2,2025-08-24,12:30:00,Greuther Furth,Holstein Kiel,0.0,2.0,A,0.0,1.0,A,2.63,3.39,2.45,2.75,3.5,2.55,1.99,1.74,2.08,1.81,1485.9,1623.9,-138.0,3109.8,0.0444,0,6,7,3,7,0.6667,0.4667,0.3333,0.4667,3,0,5,-1,6,15,14,1,0,0,1,0,0,0,0,1,4,4,3,3,2,0.6,10,1.8,1.9,1.5,2.0,1.9,0.8,-0.2,1.0834,0.0456,0.0456,0.0408,0.0524,13.1,13.5,11.9,14.1,-0.4,-2.2,0.2,-0.7,0,0,1,1
D2,2025-08-24,12:30:00,Bielefeld,Dresden,1.0,2.0,A,0.0,1.0,A,1.87,3.47,3.88,1.93,3.6,4.5,2.02,1.72,2.1,1.78,1559.0,1396.5,162.6,2955.5,0.055,0,6,10,0,2,0.6667,0.6667,0.0,0.1333,6,8,2,-2,4,14,15,-1,0,1,0,0,0,0,0,1,4,6,2,2,8,0.4,10,1.0,1.7,1.6,0.8,1.0,1.5,0.2,1.0807,0.1598,0.0321,0.1598,0.2974,14.0,14.0,13.2,12.5,0.0,0.7,0.3,0.8,0,0,1,0
D2,2025-08-29,17:30:00,Hertha,Elversberg,0.0,2.0,A,0.0,1.0,A,2.19,3.36,3.08,2.3,3.5,3.2,2.09,1.67,2.2,1.7,1547.4,1617.2,-69.8,3164.6,0.0221,0,2,3,6,12,0.2222,0.2,0.6667,0.8,-4,-9,1,0,1,5,7,-2,-1,1,1,0,0,0,0,1,5,1,3,0,-5,0.5,4,1.1,1.0,1.0,1.6,1.3,0.8,-0.5,1.0789,0.0502,0.0502,0.039,0.0771,12.5,14.0,13.9,10.6,-1.5,3.3,2.4,-0.2,0,0,1,1
D2,2025-08-29,17:30:00,Nurnberg,Paderborn,0.0,0.0,D,0.0,0.0,D,3.05,3.59,2.11,3.15,3.8,2.2,2.07,1.68,2.19,1.72,1494.2,1588.4,-94.2,3082.5,0.0306,0,0,3,4,7,0.0,0.2,0.4444,0.4667,-4,-4,-3,1,-4,7,6,1,0,1,1,0,0,0,0,1,5,5,4,1,2,0.4,10,1.2,1.3,1.5,1.6,1.3,1.1,-0.4,1.0804,0.0585,0.0328,0.0427,0.1618,9.0,17.1,16.5,9.4,-8.1,7.1,-1.6,2.0,0,1,0,1
D2,2025-08-30,12:00:00,Bochum,Preußen Münster,1.0,2.0,A,1.0,1.0,D,1.94,3.55,3.51,2.01,3.8,3.66,1.95,1.77,2.0,1.83,1613.2,1503.8,109.4,3117.1,0.0351,0,3,7,4,4,0.3333,0.4667,0.4444,0.2667,-1,3,-1,4,-5,7,8,-1,0,1,1,0,0,0,0,1,5,0,0,0,0,0.5,0,2.4,2.5,1.1,0.0,2.0,3.0,2.4,1.0821,0.0704,0.0361,0.0427,0.261,12.0,12.0,10.0,12.33,0.0,-2.33,1.83,-0.67,0,0,1,0
D2,2025-08-30,12:00:00,Braunschweig,Bielefeld,1.0,1.0,D,0.0,0.0,D,2.82,3.51,2.26,3.0,3.7,2.35,2.06,1.69,2.1,1.71,1471.1,1543.4,-72.3,3014.5,0.024,0,6,6,6,7,0.6667,0.4,0.6667,0.4667,0,-1,6,5,1,7,6,1,0,1,1,0,0,0,0,1,5,3,2,3,-5,0.5,8,1.5,1.5,1.8,1.6,1.9,1.9,-0.1,1.082,0.0638,0.0638,0.0398,0.1689,11.2,14.6,14.1,14.5,-3.4,-0.4,-2.8,-0.3,0,1,0,1
D2,2025-08-30,19:30:00,Fortuna Dusseldorf,Karlsruhe,0.0,0.0,D,0.0,0.0,D,2.22,3.67,2.8,2.3,3.95,2.88,2.23,1.58,2.26,1.62,1579.7,1598.9,-19.1,3178.6,0.006,0,3,6,7,11,0.3333,0.4,0.7778,0.7333,-4,-5,0,3,-3,7,7,0,0,1,1,0,0,0,0,1,5,7,0,3,10,0.8,10,1.7,1.7,1.7,1.0,1.2,1.7,0.7,1.0801,0.0763,0.036,0.0286,0.1556,11.2,15.7,13.1,14.1,-4.5,-1.0,-1.0,0.6,0,1,0,1
D2,2025-08-30,12:00:00,Holstein Kiel,Hannover,1.0,2.0,A,1.0,0.0,H,2.52,3.54,2.5,2.66,3.8,2.6,2.1,1.66,2.16,1.68,1634.9,1604.3,30.6,3239.2,0.0094,0,3,7,9,11,0.3333,0.4667,1.0,0.7333,-6,-4,-1,7,-8,6,7,-1,0,1,1,0,0,0,0,1,5,5,4,1,4,0.4,10,1.6,1.7,1.2,1.8,1.3,1.0,-0.2,1.0793,0.0734,0.0556,0.04,0.2731,12.5,14.3,14.3,14.2,-1.8,0.1,-0.2,-0.4,0,0,1,0
D2,2025-08-31,12:30:00,Dresden,Schalke 04,0.0,1.0,A,0.0,0.0,D,2.33,3.54,2.7,2.45,3.8,2.85,2.11,1.66,2.15,1.7,1412.1,1499.8,-87.7,2911.8,0.0301,0,3,4,6,6,0.3333,0.2667,0.6667,0.4,-3,-2,2,6,-4,7,8,-1,0,1,1,0,0,0,0,1,5,0,2,0,-4,0.0,2,0.5,0.7,1.4,0.8,1.0,1.5,-0.3,1.082,0.0734,0.0515,0.0556,0.0779,14.2,11.8,12.5,13.9,2.4,-1.4,-0.1,-1.1,0,0,1,1
D2,2025-08-31,12:30:00,Kaiserslautern,Darmstadt,3.0,1.0,H,0.0,0.0,D,2.47,3.49,2.56,2.6,3.7,2.66,2.12,1.65,2.2,1.7,1536.0,1579.2,-43.2,3115.2,0.0139,0,3,6,7,10,0.3333,0.4,0.7778,0.6667,-4,-4,0,4,-4,9,7,2,0,1,1,0,0,0,0,1,5,2,3,3,-5,0.25,8,2.3,1.7,0.8,0.6,0.9,1.6,1.7,1.082,0.0602,0.0526,0.0391,0.1643,14.5,12.8,14.7,12.0,1.7,2.7,-0.2,0.0,1,0,0,0
D2,2025-08-31,12:30:00,Magdeburg,Greuther Furth,4.0,5.0,A,1.0,1.0,D,1.81,3.89,3.68,1.85,4.2,4.0,2.43,1.5,2.6,1.57,1538.7,1474.9,63.7,3013.6,0.0211,0,3,6,3,7,0.3333,0.4,0.3333,0.4667,0,-1,0,-1,1,8,7,1,0,1,1,0,0,0,0,1,5,2,2,4,-2,0.5,8,1.6,2.0,1.7,0.7,0.8,1.6,0.9,1.0813,0.087,0.0221,0.087,0.1725,12.7,14.9,13.3,14.0,-2.2,-0.7,-0.2,0.8,0,0,1,0
D2,2025-09-12,17:30:00,Bielefeld,Magdeburg,2.0,0.0,H,0.0,0.0,D,2.13,3.63,3.03,2.2,3.85,3.15,2.37,1.53,2.45,1.57,1542.9,1525.4,17.5,3068.3,0.0057,0,4,7,3,6,0.4444,0.4667,0.3333,0.4,1,1,1,0,1,13,12,1,0,1,1,0,0,0,0,1,7,1,2,1,-4,0.5,4,1.0,1.7,1.6,1.2,1.7,1.6,-0.2,1.075,0.0606,0.0329,0.0396,0.1866,13.2,13.5,13.9,14.5,-0.3,-0.6,1.1,0.1,1,0,0,1
D2,2025-09-12,17:30:00,Paderborn,Bochum,1.0,0.0,H,0.0,0.0,D,1.84,3.75,3.75,1.9,4.0,3.9,2.23,1.6,2.35,1.63,1587.3,1598.8,-11.5,3186.1,0.0036,0,2,5,3,6,0.2222,0.3333,0.3333,0.4,-1,-1,-1,0,-1,14,13,1,0,1,1,0,0,0,0,1,7,4,5,1,-3,0.6,10,1.6,1.8,1.4,1.3,1.3,1.6,0.3,1.0768,0.0667,0.0326,0.04,0.0787,16.0,9.8,12.0,11.1,6.2,0.9,-0.3,-0.2,1,0,0,1
D2,2025-09-13,12:00:00,Schalke 04,Holstein Kiel,0.0,1.0,A,0.0,1.0,A,2.2,3.42,2.99,2.28,3.6,3.1,2.02,1.72,2.05,1.77,1508.8,1622.5,-113.7,3131.3,0.0363,0,6,9,3,6,0.6667,0.6,0.3333,0.4,3,3,3,0,3,13,14,-1,0,1,1,0,0,0,0,1,7,1,2,1,0,0.0,4,1.6,1.5,1.7,2.3,2.0,0.6,-0.7,1.0814,0.0526,0.0364,0.0368,0.0172,12.4,13.2,11.5,14.9,-0.8,-3.4,2.5,0.4,0,0,1,1
D2,2025-09-13,19:30:00,Hannover,Hertha,0.0,3.0,A,0.0,0.0,D,1.84,3.69,3.76,1.93,3.9,4.0,2.11,1.66,2.15,1.67,1616.7,1533.8,83.0,3150.5,0.0263,0,9,13,2,3,1.0,0.8667,0.2222,0.2,7,10,5,1,4,14,15,-1,0,1,0,0,0,0,0,1,7,0,0,4,0,0.0,4,1.5,1.2,1.0,1.3,1.3,1.6,0.2,1.0804,0.0638,0.0489,0.0638,0.2039,13.8,13.8,11.5,14.1,0.0,-2.6,-1.8,0.9,0,0,1,0
D2,2025-09-13,12:00:00,Darmstadt,Braunschweig,2.0,1.0,H,0.0,1.0,A,1.61,3.96,4.83,1.65,4.2,5.0,2.11,1.66,2.15,1.68,1565.5,1471.6,93.9,3037.1,0.0309,0,4,10,4,7,0.4444,0.6667,0.4444,0.4667,0,3,-2,1,-3,13,14,-1,0,1,1,0,0,0,0,1,7,4,2,4,4,0.6,10,1.9,1.6,1.1,1.3,1.1,1.4,0.6,1.0807,0.0606,0.0248,0.0352,0.1451,15.0,13.2,11.0,13.9,1.8,-2.9,2.5,-0.6,1,0,0,0
D2,2025-09-13,12:00:00,Karlsruhe,Nurnberg,2.0,1.0,H,1.0,1.0,D,1.93,3.58,3.56,1.99,3.95,3.75,2.05,1.7,2.12,1.75,1599.9,1495.3,104.6,3095.2,0.0338,0,5,11,1,4,0.5556,0.7333,0.1111,0.2667,4,7,-1,-2,1,14,15,-1,0,1,0,0,0,0,0,1,7,5,3,2,8,0.8,10,2.3,1.6,0.7,1.4,1.7,1.6,0.9,1.0784,0.1034,0.0311,0.0534,0.2516,12.7,14.0,9.5,16.2,-1.3,-6.7,1.1,-1.2,1,0,0,0
D2,2025-09-14,12:30:00,Elversberg,Dresden,2.0,2.0,D,1.0,2.0,A,1.97,3.63,3.4,2.05,3.95,3.65,2.12,1.65,2.23,1.7,1630.8,1403.0,227.8,3033.8,0.0751,1,6,12,3,3,0.6667,0.8,0.3333,0.2,3,9,0,3,-3,16,14,2,0,0,1,0,0,0,0,1,7,0,0,0,0,0.5,0,2.0,2.3,1.0,0.8,1.1,1.6,1.2,1.0772,0.0882,0.0406,0.0735,0.3761,14.1,10.2,13.9,12.5,3.9,1.4,-1.2,0.1,0,1,0,0
D2,2025-09-14,12:30:00,Greuther Furth,Kaiserslautern,0.0,3.0,A,0.0,1.0,A,2.35,3.57,2.67,2.45,3.8,2.88,2.35,1.53,2.4,1.58,1488.2,1549.7,-61.5,3037.9,0.0202,0,3,9,6,6,0.3333,0.6,0.6667,0.4,-3,3,-3,6,-9,14,14,0,0,1,1,0,0,0,0,1,7,3,6,1,-8,0.4,10,1.5,1.8,1.7,0.7,1.1,2.3,0.8,1.0802,0.0787,0.0426,0.0787,0.1183,14.1,14.5,14.5,13.8,-0.4,0.7,-0.4,0.0,0,0,1,0
D2,2025-09-14,12:30:00,Preußen Münster,Fortuna Dusseldorf,1.0,2.0,A,1.0,0.0,H,2.48,3.3,2.67,2.6,3.6,2.75,1.91,1.81,2.04,1.88,1518.3,1578.7,-60.4,3097.0,0.0195,0,7,7,4,4,0.7778,0.4667,0.4444,0.2667,3,3,7,4,3,15,15,0,0,0,0,0,0,0,0,1,7,0,0,0,0,0.5,0,2.0,1.5,1.0,1.0,1.4,2.3,1.0,1.0808,0.0909,0.0484,0.03,0.1407,8.75,13.25,11.7,14.2,-4.5,-2.5,-0.15,0.05,0,0,1,0
D2,2025-09-19,17:30:00,Bielefeld,Greuther Furth,1.0,3.0,A,0.0,1.0,A,1.8,3.74,3.93,1.87,4.0,4.5,2.43,1.51,2.5,1.55,1554.2,1471.3,82.9,3025.5,0.0274,0,4,10,3,6,0.4444,0.6667,0.3333,0.4,1,4,-2,0,-2,7,5,2,0,1,1,0,0,0,0,1,8,2,3,5,0,0.0,10,1.3,1.9,1.5,1.0,1.2,1.8,0.3,1.0774,0.145,0.0389,0.145,0.1912,13.1,14.5,13.3,14.5,-1.4,-1.2,1.0,0.6,0,0,1,0
D2,2025-09-19,17:30:00,Kaiserslautern,Preußen Münster,4.0,1.0,H,3.0,0.0,H,2.26,3.3,3.01,2.35,3.55,3.2,1.89,1.82,1.95,1.85,1566.6,1508.5,58.1,3075.1,0.0189,0,6,9,6,7,0.6667,0.6,0.6667,0.4667,0,2,3,5,-2,5,5,0,0,1,1,0,0,0,0,1,8,0,0,0,0,0.5,0,2.3,1.8,0.8,1.5,2.0,2.0,0.8,1.0777,0.0758,0.0398,0.0631,0.2658,13.4,14.1,11.2,12.6,-0.7,-1.4,0.1,-0.2,1,0,0,0
D2,2025-09-20,19:30:00,Nurnberg,Bochum,2.0,1.0,H,0.0,0.0,D,2.32,3.56,2.7,2.4,3.8,2.85,2.1,1.66,2.15,1.71,1489.5,1590.0,-100.5,3079.5,0.0326,0,1,1,0,3,0.1111,0.0667,0.0,0.2,1,-2,1,-3,4,7,8,-1,0,1,1,0,0,0,0,1,8,1,5,4,-5,0.2,10,1.0,1.1,1.4,1.0,1.1,1.6,0.0,1.0823,0.0674,0.0345,0.0556,0.058,11.4,14.7,12.4,11.7,-3.3,0.7,-1.1,0.6,1,0,0,0
D2,2025-09-20,12:00:00,Braunschweig,Elversberg,1.0,4.0,A,1.0,2.0,A,2.94,3.38,2.23,3.0,3.5,2.3,2.05,1.7,2.1,1.73,1465.6,1624.1,-158.5,3089.7,0.0513,0,1,7,7,10,0.1111,0.4667,0.7778,0.6667,-6,-3,-5,4,-9,7,6,1,0,1,1,0,0,0,0,1,8,1,3,0,-4,0.5,4,1.5,1.6,1.9,1.9,1.5,0.7,-0.4,1.0844,0.0355,0.0204,0.0314,0.0616,10.7,13.8,14.2,10.2,-3.1,4.0,-1.1,1.0,0,0,1,0
D2,2025-09-20,12:00:00,Hertha,Paderborn,0.0,2.0,A,0.0,1.0,A,2.62,3.51,2.41,2.8,3.85,2.5,2.17,1.62,2.25,1.67,1557.6,1596.0,-38.5,3153.6,0.0122,0,4,5,4,8,0.4444,0.3333,0.4444,0.5333,0,-3,3,0,3,7,8,-1,0,1,1,0,0,0,0,1,8,5,2,1,5,0.5,8,1.1,0.8,0.9,1.6,1.2,1.0,-0.5,1.0815,0.0969,0.0687,0.0373,0.1924,11.6,15.0,15.7,10.5,-3.4,5.2,0.3,1.0,0,0,1,1
D2,2025-09-20,12:00:00,Magdeburg,Schalke 04,0.0,2.0,A,0.0,1.0,A,2.2,3.45,2.97,2.3,3.65,3.14,2.2,1.6,2.25,1.62,1514.1,1500.5,13.6,3014.6,0.0045,0,0,3,6,9,0.0,0.2,0.6667,0.6,-6,-6,-3,3,-6,8,7,1,0,1,1,0,0,0,0,1,8,2,1,1,5,0.5,4,1.5,2.3,2.1,0.8,0.7,1.4,0.7,1.0811,0.058,0.0455,0.0572,0.1976,14.2,15.1,12.4,13.2,-0.9,-0.8,-1.0,0.3,0,0,1,1
D2,2025-09-21,12:30:00,Holstein Kiel,Karlsruhe,3.0,0.0,H,2.0,0.0,H,1.99,3.59,3.31,2.05,3.9,3.6,2.15,1.64,2.32,1.7,1630.8,1605.7,25.1,3236.4,0.0078,0,6,6,7,11,0.6667,0.4,0.7778,0.7333,-1,-5,6,3,3,8,8,0,0,1,1,0,0,0,0,1,8,6,3,1,6,0.6,10,1.3,1.5,1.4,0.8,1.0,1.6,0.5,1.0832,0.0876,0.0302,0.0876,0.1697,11.3,15.4,12.5,15.3,-4.1,-2.8,-1.4,0.5,1,0,0,0
D2,2025-09-21,12:30:00,Dresden,Hannover,2.0,2.0,D,2.0,2.0,D,2.99,3.48,2.17,3.15,3.75,2.25,2.08,1.68,2.2,1.73,1409.7,1592.9,-183.2,3002.6,0.061,0,4,4,6,12,0.4444,0.2667,0.6667,0.8,-2,-8,4,0,4,7,8,-1,0,1,1,0,0,0,0,1,8,2,3,1,-2,0.3333333333333333,6,0.4,0.6,1.4,1.8,1.4,1.1,-1.4,1.0826,0.0776,0.0535,0.0369,0.0337,14.0,13.8,14.8,12.5,0.2,2.3,-0.1,-1.2,0,1,0,0
D2,2025-09-21,12:30:00,Fortuna Dusseldorf,Darmstadt,0.0,3.0,A,0.0,0.0,D,2.43,3.5,2.6,2.5,3.8,2.7,2.18,1.61,2.25,1.67,1588.4,1571.5,16.9,3160.0,0.0054,0,7,7,4,10,0.7778,0.4667,0.4444,0.6667,3,-3,7,-2,9,7,8,-1,0,1,1,0,0,0,0,1,8,7,2,1,7,0.8,10,1.8,1.5,1.2,0.5,0.8,1.7,1.3,1.0819,0.0857,0.0288,0.0385,0.2422,11.9,14.0,14.8,13.7,-2.1,1.1,-1.5,0.4,0,0,1,0
D2,2025-09-26,17:30:00,Darmstadt,Dresden,2.0,0.0,H,1.0,0.0,H,1.66,4.11,4.24,1.7,4.4,4.5,2.56,1.46,2.63,1.5,1592.1,1413.4,178.7,3005.5,0.0595,0,6,10,2,5,0.6667,0.6667,0.2222,0.3333,4,5,2,-1,3,5,5,0,0,2,2,0,0,0,0,1,9,5,1,2,4,0.5,8,2.2,1.8,1.1,0.9,1.3,1.5,1.3,1.0816,0.0706,0.0241,0.0613,0.2502,15.4,13.5,13.4,14.4,1.9,-1.0,0.3,-0.5,1,0,0,1
D2,2025-09-26,17:30:00,Schalke 04,Greuther Furth,1.0,0.0,H,0.0,0.0,D,1.84,3.75,3.76,1.9,4.0,3.9,2.13,1.65,2.17,1.7,1517.1,1490.6,26.5,3007.8,0.0088,0,6,9,6,6,0.6667,0.6,0.6667,0.4,0,3,3,6,-3,6,7,-1,0,2,2,0,0,0,0,1,9,0,2,2,-3,0.0,4,1.6,1.3,1.3,1.0,1.3,1.8,0.6,1.0761,0.0667,0.0326,0.0372,0.1304,12.2,11.4,13.1,15.2,0.8,-2.1,1.0,0.1,1,0,0,1
D2,2025-09-27,12:00:00,Karlsruhe,Magdeburg,1.0,0.0,H,0.0,0.0,D,2.1,3.71,3.0,2.2,4.1,3.2,2.38,1.52,2.45,1.55,1591.9,1497.4,94.5,3089.3,0.0306,0,4,8,0,3,0.4444,0.5333,0.0,0.2,4,5,0,-3,3,6,7,-1,0,2,1,0,0,0,0,1,9,2,1,3,8,0.6666666666666666,6,2.6,1.8,0.6,0.9,1.2,1.6,1.7,1.0791,0.1051,0.0476,0.0667,0.2792,13.0,15.1,13.8,14.6,-2.1,-0.8,0.1,-0.8,1,0,0,1
D2,2025-09-27,19:30:00,Bochum,Fortuna Dusseldorf,0.0,1.0,A,0.0,1.0,A,2.11,3.59,3.04,2.16,3.8,3.15,2.19,1.61,2.25,1.67,1578.6,1567.9,10.7,3146.4,0.0034,0,0,3,4,7,0.0,0.2,0.4444,0.4667,-4,-4,-3,1,-4,7,6,1,0,1,2,0,0,0,0,1,9,4,2,4,7,0.2,10,2.1,2.3,1.2,1.2,1.5,2.3,0.9,1.0814,0.0585,0.0237,0.0362,0.1759,12.6,12.2,12.5,13.3,0.4,-0.8,1.3,0.5,0,0,1,1
D2,2025-09-27,12:00:00,Elversberg,Holstein Kiel,1.0,0.0,H,0.0,0.0,D,2.12,3.66,2.99,2.2,3.85,3.25,2.28,1.56,2.38,1.62,1636.2,1644.5,-8.3,3280.8,0.0025,0,7,10,6,9,0.7778,0.6667,0.6667,0.6,1,1,4,3,1,7,6,1,0,2,2,0,0,0,0,1,9,0,1,1,-2,0.0,2,2.1,2.3,0.7,2.5,2.0,0.5,-0.4,1.0794,0.087,0.0377,0.087,0.1509,13.9,10.7,11.2,14.6,3.2,-3.4,1.3,-0.5,1,0,0,1
D2,2025-09-27,12:00:00,Paderborn,Kaiserslautern,2.0,0.0,H,0.0,0.0,D,1.92,3.74,3.41,2.0,4.0,3.6,2.25,1.58,2.33,1.62,1610.7,1578.7,32.0,3189.4,0.01,0,7,8,9,12,0.7778,0.5333,1.0,0.8,-2,-4,6,6,0,7,8,-1,0,1,2,0,0,0,0,1,9,5,5,0,-4,0.4,10,1.9,1.8,1.2,0.7,1.0,2.1,1.2,1.0815,0.0695,0.0417,0.0557,0.1611,15.8,11.1,13.6,13.6,4.7,0.0,0.1,-1.2,1,0,0,1
D2,2025-09-28,12:30:00,Nurnberg,Hertha,0.0,3.0,A,0.0,2.0,A,2.22,3.51,2.88,2.3,3.8,3.1,2.12,1.65,2.28,1.7,1500.9,1543.0,-42.0,3043.9,0.0138,0,4,4,3,5,0.4444,0.2667,0.3333,0.3333,1,-1,4,1,3,8,8,0,0,1,1,0,0,0,0,1,9,1,1,2,0,0.5,4,1.0,1.2,1.5,1.3,1.4,1.5,-0.3,1.0826,0.0826,0.036,0.0764,0.1241,13.1,14.4,11.2,15.7,-1.3,-4.5,-1.0,0.1,0,0,1,0
D2,2025-09-28,12:30:00,Hannover,Bielefeld,3.0,1.0,H,0.0,1.0,A,1.8,3.84,3.77,1.85,4.2,4.0,2.34,1.54,2.4,1.57,1589.2,1534.9,54.4,3124.1,0.0174,0,4,10,4,7,0.4444,0.6667,0.4444,0.4667,0,3,-2,1,-3,7,9,-2,-1,1,1,0,0,0,0,1,9,3,4,3,-1,0.4,10,1.4,1.0,1.1,1.4,1.8,2.0,0.0,1.0812,0.0938,0.0278,0.061,0.1579,15.2,12.1,13.6,13.5,3.1,0.1,-0.7,0.2,1,0,0,0
D2,2025-09-28,12:30:00,Preußen Münster,Braunschweig,3.0,1.0,H,1.0,0.0,H,1.97,3.58,3.42,2.05,3.8,3.65,2.11,1.66,2.15,1.7,1496.4,1453.4,43.0,2949.8,0.0146,0,3,7,1,4,0.3333,0.4667,0.1111,0.2667,2,3,-1,-2,1,9,8,1,0,2,1,0,0,0,0,1,9,0,0,0,0,0.5,0,1.333,1.333,1.333,1.2,1.1,1.5,0.133,1.0793,0.0673,0.0406,0.0673,0.1868,11.67,13.0,9.8,14.7,-1.33,-4.9,0.73,0.0,1,0,0,0
D2,2025-10-03,17:30:00,Fortuna Dusseldorf,Nurnberg,2.0,3.0,A,0.0,1.0,A,2.39,3.55,2.64,2.55,3.75,2.75,2.14,1.64,2.2,1.67,1579.6,1483.2,96.3,3062.8,0.0315,0,6,10,3,4,0.6667,0.6667,0.3333,0.2667,3,6,2,2,0,6,5,1,0,2,2,0,0,0,0,1,10,3,4,3,3,0.4,10,1.7,1.3,1.3,1.4,1.7,1.5,0.3,1.0789,0.0669,0.0669,0.0417,0.3348,10.9,14.8,13.5,13.5,-3.9,0.0,-1.4,-0.1,0,0,1,0
D2,2025-10-03,17:30:00,Braunschweig,Paderborn,1.0,2.0,A,0.0,1.0,A,3.72,3.62,1.87,4.0,3.75,1.92,2.02,1.72,2.1,1.75,1443.0,1621.6,-178.6,3064.5,0.0583,0,0,1,9,10,0.0,0.0667,1.0,0.6667,-9,-9,-1,8,-9,5,6,-1,0,2,2,0,0,0,0,1,10,3,3,4,-5,0.4,10,1.5,1.6,2.1,1.6,1.3,1.0,-0.1,1.0798,0.0753,0.0753,0.0267,0.0996,10.2,15.1,17.5,10.5,-4.9,7.0,-1.6,1.7,0,0,1,0
D2,2025-10-04,12:00:00,Kaiserslautern,Bochum,3.0,2.0,H,1.0,1.0,D,2.05,3.6,3.18,2.1,3.8,3.35,2.2,1.61,2.3,1.66,1567.8,1566.9,0.9,3134.7,0.0003,0,6,9,0,0,0.6667,0.6,0.0,0.0,6,9,3,0,3,7,7,0,0,1,2,0,0,0,0,1,10,3,2,5,3,0.2,10,2.3,2.0,0.8,1.0,1.2,1.7,1.3,1.08,0.0556,0.0244,0.0535,0.1491,12.6,15.0,14.2,11.6,-2.4,2.6,-1.6,-0.8,1,0,0,0
D2,2025-10-04,12:00:00,Holstein Kiel,Darmstadt,1.0,1.0,D,0.0,0.0,D,2.4,3.45,2.69,2.45,3.75,2.75,2.1,1.67,2.17,1.7,1635.7,1598.1,37.5,3233.8,0.0116,0,6,9,9,10,0.6667,0.6,1.0,0.6667,-3,-1,3,8,-5,7,8,-1,0,2,2,0,0,0,0,1,10,2,5,3,-5,0.2,10,1.6,1.7,1.2,0.8,1.1,1.6,0.8,1.0783,0.087,0.0208,0.0223,0.2636,11.0,15.0,15.4,13.4,-4.0,2.0,-2.6,0.9,0,1,0,1
D2,2025-10-04,12:00:00,Hertha,Preußen Münster,2.0,1.0,H,1.0,0.0,H,2.02,3.58,3.28,2.16,3.8,3.5,2.05,1.7,2.17,1.75,1560.7,1506.9,53.8,3067.6,0.0175,0,6,7,3,9,0.6667,0.4667,0.3333,0.6,3,-2,5,-3,8,6,6,0,0,2,1,0,0,0,0,1,10,0,0,0,0,0.5,0,1.1,0.8,1.0,1.0,1.667,2.667,0.1,1.0793,0.0693,0.0693,0.0671,0.2123,11.5,15.0,11.57,12.86,-3.5,-1.29,1.89,-0.2,1,0,0,0
D2,2025-10-04,19:30:00,Dresden,Karlsruhe,3.0,3.0,D,1.0,2.0,A,2.2,3.59,2.86,2.33,3.8,3.1,2.24,1.58,2.3,1.62,1407.4,1598.0,-190.6,3005.4,0.0634,0,2,5,6,10,0.2222,0.3333,0.6667,0.6667,-4,-5,-1,2,-3,8,7,1,0,2,2,0,0,0,0,1,10,4,3,3,1,0.6,10,0.5,0.7,1.2,0.8,0.9,1.7,-0.3,1.0827,0.0839,0.0591,0.0839,-0.0868,13.7,13.5,13.5,15.9,0.2,-2.4,-0.3,0.2,0,1,0,0
D2,2025-10-05,12:30:00,Bielefeld,Schalke 04,1.0,2.0,A,0.0,2.0,A,2.29,3.56,2.76,2.35,3.8,2.88,2.1,1.66,2.15,1.7,1524.8,1525.0,-0.2,3049.8,0.0001,0,3,4,6,12,0.3333,0.2667,0.6667,0.8,-3,-8,2,0,2,7,9,-2,-1,1,1,0,0,0,0,1,10,0,0,0,0,0.5,0,1.3,2.0,1.7,1.0,0.9,1.4,0.3,1.0799,0.0674,0.0262,0.0435,0.1947,12.9,13.8,13.5,10.2,-0.9,3.3,-0.5,0.5,0,0,1,0
D2,2025-10-05,12:30:00,Greuther Furth,Hannover,2.0,2.0,D,1.0,1.0,D,3.33,3.67,1.96,3.5,3.8,2.0,2.24,1.58,2.35,1.64,1482.8,1599.3,-116.5,3082.1,0.0378,0,3,6,4,10,0.3333,0.4,0.4444,0.6667,-1,-4,0,-2,2,9,7,2,0,1,2,0,0,0,0,1,10,2,4,4,-2,0.4,10,1.5,1.6,1.6,1.8,1.4,1.1,-0.3,1.083,0.0511,0.0511,0.0204,0.1562,12.3,16.2,14.8,12.2,-3.9,2.6,-0.6,-0.5,0,1,0,0
D2,2025-10-05,12:30:00,Magdeburg,Elversberg,0.0,4.0,A,0.0,2.0,A,2.5,3.6,2.48,2.6,3.8,2.63,2.33,1.54,2.4,1.58,1491.3,1645.1,-153.8,3136.4,0.049,0,0,0,7,13,0.0,0.0,0.7778,0.8667,-7,-13,0,1,-1,8,8,0,0,1,1,0,0,0,0,1,10,1,1,2,2,0.0,4,1.5,2.0,1.9,1.9,1.6,0.8,-0.4,1.081,0.0605,0.04,0.0605,0.0117,14.0,15.1,14.3,11.1,-1.1,3.2,0.0,0.9,0,0,1,0
D2,2025-10-17,17:30:00,Fortuna Dusseldorf,Braunschweig,1.0,2.0,A,0.0,2.0,A,1.85,3.66,3.79,1.91,3.85,4.0,2.14,1.64,2.16,1.7,1565.6,1436.5,129.1,3002.1,0.043,0,3,7,0,1,0.3333,0.4667,0.0,0.0667,3,6,-1,-1,0,14,14,0,0,1,1,0,0,0,0,1,12,5,0,5,13,0.6,10,1.4,1.2,1.4,0.9,1.0,1.8,0.5,1.0776,0.0554,0.0324,0.0554,0.2572,11.1,15.2,9.6,15.7,-4.1,-6.1,0.0,-0.6,0,0,1,0
D2,2025-10-17,17:30:00,Hannover,Schalke 04,0.0,3.0,A,0.0,2.0,A,1.91,3.53,3.7,1.95,3.8,3.8,1.98,1.75,2.1,1.83,1597.4,1536.4,60.9,3133.8,0.0194,0,5,8,9,12,0.5556,0.5333,1.0,0.8,-4,-4,2,6,-4,12,12,0,0,1,1,0,0,0,0,1,12,2,3,1,-1,0.3333333333333333,6,1.6,1.2,1.1,1.3,1.1,1.4,0.3,1.0771,0.0765,0.0209,0.027,0.1939,14.9,11.3,13.3,9.5,3.6,3.8,0.2,0.0,0,0,1,0
D2,2025-10-18,19:30:00,Bochum,Hertha,3.0,2.0,H,2.0,0.0,H,2.32,3.41,2.81,2.45,3.6,2.9,2.26,1.57,2.3,1.6,1558.3,1567.8,-9.5,3126.1,0.003,0,0,0,6,9,0.0,0.0,0.6667,0.6,-6,-9,0,3,-3,14,14,0,0,1,1,0,0,0,0,1,12,0,4,0,-8,0.0,4,2.1,2.2,1.1,1.6,1.7,1.3,0.5,1.0802,0.056,0.056,0.032,0.1871,13.9,13.5,12.1,15.4,0.4,-3.3,0.5,0.9,1,0,0,0
D2,2025-10-18,12:00:00,Karlsruhe,Kaiserslautern,2.0,3.0,A,0.0,1.0,A,2.44,3.49,2.6,2.5,3.6,2.7,2.21,1.6,2.25,1.62,1594.2,1576.4,17.8,3170.6,0.0056,0,4,8,6,12,0.4444,0.5333,0.6667,0.8,-2,-4,0,0,0,14,14,0,0,1,1,0,0,0,0,1,12,3,3,4,2,0.4,10,2.6,1.6,0.5,0.4,0.9,2.3,2.2,1.081,0.0385,0.0246,0.0385,0.2446,13.9,15.7,13.3,14.2,-1.8,-0.9,0.3,-0.8,0,0,1,0
D2,2025-10-18,12:00:00,Paderborn,Bielefeld,4.0,3.0,H,1.0,2.0,A,1.76,3.72,4.1,1.82,3.95,4.75,2.21,1.6,2.25,1.65,1628.0,1513.4,114.7,3141.4,0.0365,0,9,13,0,4,1.0,0.8667,0.0,0.2667,9,9,5,-4,9,15,13,2,0,0,1,0,0,0,0,1,12,2,3,5,1,0.4,10,1.9,1.8,1.2,1.1,1.6,2.2,0.8,1.0809,0.1585,0.0341,0.1585,0.2176,17.3,9.9,12.7,13.7,7.4,-1.0,-0.4,-1.2,1,0,0,0
D2,2025-10-18,12:00:00,Preußen Münster,Dresden,2.0,2.0,D,0.0,1.0,A,2.27,3.56,2.78,2.3,3.75,2.85,2.09,1.67,2.16,1.76,1499.8,1411.2,88.5,2911.0,0.0304,0,3,6,2,3,0.3333,0.4,0.2222,0.2,1,3,0,1,-1,14,14,0,0,1,1,0,0,0,0,1,12,0,0,0,0,0.5,0,1.75,1.75,1.25,0.8,1.3,1.7,0.95,1.0811,0.0534,0.0132,0.0252,0.3061,12.25,13.38,13.9,14.7,-1.12,-0.8,-1.25,0.7,0,1,0,0
D2,2025-10-19,12:30:00,Elversberg,Greuther Furth,6.0,0.0,H,1.0,0.0,H,1.58,4.19,4.76,1.62,4.4,5.0,2.48,1.49,2.65,1.53,1659.2,1484.7,174.6,3143.9,0.0555,0,9,13,4,7,1.0,0.8667,0.4444,0.4667,5,6,5,1,4,14,14,0,0,1,1,0,0,0,0,1,12,2,0,2,5,0.5,4,2.3,2.2,0.5,1.0,1.3,1.7,1.3,1.0817,0.0504,0.0253,0.0504,0.2183,15.3,11.4,12.2,16.1,3.9,-3.9,1.1,0.4,1,0,0,0
D2,2025-10-19,12:30:00,Nurnberg,Holstein Kiel,1.0,1.0,D,1.0,0.0,H,2.49,3.42,2.58,2.6,3.6,2.7,2.01,1.73,2.08,1.77,1497.2,1633.2,-136.0,3130.4,0.0434,0,6,7,4,7,0.6667,0.4667,0.4444,0.4667,2,0,5,1,4,16,15,1,0,0,0,0,0,0,0,1,12,2,5,3,-7,0.2,10,0.7,1.0,1.8,2.2,1.6,0.6,-1.5,1.0816,0.0526,0.0442,0.0465,0.0348,14.0,13.7,12.2,14.5,0.3,-2.3,2.1,-0.2,0,1,0,1
D2,2025-10-19,12:30:00,Darmstadt,Magdeburg,0.0,0.0,D,0.0,0.0,D,1.77,3.8,3.95,1.81,4.0,4.5,2.56,1.46,2.65,1.48,1600.6,1477.2,123.4,3077.8,0.0401,0,7,10,0,0,0.7778,0.6667,0.0,0.0,7,10,4,0,4,15,14,1,0,0,1,0,0,0,0,1,12,4,2,0,1,0.6666666666666666,6,2.5,2.0,0.8,0.6,0.7,1.5,1.9,1.0813,0.1392,0.0226,0.1392,0.2303,14.1,14.6,14.5,15.7,-0.5,-1.2,0.5,-1.6,0,1,0,1
D2,2025-10-24,17:30:00,Greuther Furth,Karlsruhe,1.0,4.0,A,0.0,2.0,A,2.7,3.63,2.31,2.8,3.8,2.45,2.39,1.52,2.45,1.57,1473.9,1582.4,-108.4,3056.3,0.0355,0,1,4,4,7,0.1111,0.2667,0.4444,0.4667,-3,-3,-2,1,-3,5,6,-1,0,1,1,0,0,0,0,1,13,2,6,2,-4,0.2,10,1.3,1.6,1.7,0.8,1.0,1.8,0.5,1.0788,0.0606,0.037,0.0606,0.1016,11.8,16.2,13.8,14.9,-4.4,-1.1,-1.3,0.3,0,0,1,0
D2,2025-10-24,17:30:00,Schalke 04,Darmstadt,1.0,0.0,H,1.0,0.0,H,2.14,3.45,3.1,2.23,3.65,3.3,1.99,1.75,2.02,1.8,1559.0,1596.1,-37.1,3155.0,0.0118,0,9,12,5,11,1.0,0.8,0.5556,0.7333,4,1,6,-1,7,7,5,2,0,1,1,0,0,0,0,1,13,1,3,0,-3,0.0,4,1.6,1.2,1.2,0.9,1.2,1.6,0.7,1.0797,0.0645,0.0421,0.0645,0.1145,14.1,9.6,13.8,14.2,4.5,-0.4,1.5,0.8,1,0,0,1
D2,2025-10-25,12:00:00,Bielefeld,Elversberg,2.0,0.0,H,2.0,0.0,H,2.75,3.68,2.24,2.9,3.9,2.3,2.44,1.5,2.5,1.52,1507.7,1670.0,-162.4,3177.7,0.0511,0,0,3,9,13,0.0,0.2,1.0,0.8667,-9,-10,-3,5,-8,7,6,1,0,1,1,0,0,0,0,1,13,0,0,0,0,0.5,0,1.0,1.8,1.8,2.1,2.0,0.8,-1.1,1.0818,0.0598,0.0545,0.0268,0.034,12.4,14.4,15.1,11.7,-2.0,3.4,-0.1,0.2,1,0,0,1
D2,2025-10-25,12:00:00,Dresden,Paderborn,1.0,2.0,A,1.0,1.0,D,3.16,3.68,2.04,3.35,3.9,2.1,2.25,1.58,2.32,1.62,1414.9,1633.7,-218.8,3048.6,0.0718,1,2,4,9,15,0.2222,0.2667,1.0,1.0,-7,-11,0,3,-3,7,7,0,0,1,1,0,0,0,0,1,13,2,4,4,-5,0.4,10,0.5,0.9,1.4,1.6,1.3,1.1,-1.1,1.0784,0.0601,0.0601,0.0294,0.0046,13.9,14.5,17.2,10.6,-0.6,6.6,-0.7,0.1,0,0,1,0
D2,2025-10-25,19:30:00,Hertha,Fortuna Dusseldorf,1.0,0.0,H,0.0,0.0,D,1.86,3.74,3.6,1.91,3.95,4.0,2.29,1.56,2.43,1.62,1558.8,1550.9,7.9,3109.7,0.0026,0,6,9,3,6,0.6667,0.6,0.3333,0.4,3,3,3,0,3,7,8,-1,0,1,1,0,0,0,0,1,13,2,3,1,-1,0.3333333333333333,6,1.3,1.0,1.1,1.4,1.5,2.2,-0.1,1.0828,0.1111,0.0269,0.1111,0.1138,12.6,15.2,11.3,15.8,-2.6,-4.5,0.9,0.3,1,0,0,1
D2,2025-10-25,12:00:00,Holstein Kiel,Bochum,1.0,1.0,D,0.0,0.0,D,1.91,3.79,3.43,2.0,4.1,3.6,2.26,1.57,2.35,1.62,1630.7,1567.3,63.4,3197.9,0.0198,0,2,8,3,3,0.2222,0.5333,0.3333,0.2,-1,5,-4,3,-7,6,7,-1,0,1,1,0,0,0,0,1,13,4,2,2,6,0.75,8,1.4,1.7,1.3,0.7,1.2,1.9,0.7,1.079,0.0818,0.0471,0.0496,0.1978,12.6,14.2,14.1,13.6,-1.6,0.5,-1.6,-1.3,0,1,0,1
D2,2025-10-26,12:30:00,Braunschweig,Hannover,0.0,3.0,A,0.0,2.0,A,3.61,3.66,1.88,3.8,3.9,1.94,2.16,1.63,2.2,1.65,1451.2,1574.8,-123.6,3026.1,0.0409,0,3,3,4,5,0.3333,0.2,0.4444,0.3333,-1,-2,3,3,0,9,9,0,0,1,1,0,0,0,0,1,13,2,4,4,-4,0.4,10,1.2,1.6,2.3,1.8,1.6,1.3,-0.6,1.0821,0.0656,0.0526,0.0319,0.1675,10.3,15.1,14.5,11.5,-4.8,3.0,-2.1,1.4,0,0,1,0
D2,2025-10-26,12:30:00,Kaiserslautern,Nurnberg,1.0,1.0,D,1.0,0.0,H,2.01,3.61,3.25,2.05,3.8,3.4,2.19,1.61,2.25,1.65,1588.2,1499.7,88.5,3088.0,0.0287,0,6,12,4,7,0.6667,0.8,0.4444,0.4667,2,5,0,1,-1,8,7,1,0,1,1,0,0,0,0,1,13,2,3,5,-2,0.4,10,2.5,2.3,1.0,1.4,1.6,1.4,1.1,1.0822,0.0526,0.0199,0.0462,0.2537,12.8,14.6,15.1,12.6,-1.8,2.5,-0.9,0.6,0,1,0,1
D2,2025-10-26,12:30:00,Magdeburg,Preußen Münster,2.0,0.0,H,0.0,0.0,D,1.9,3.75,3.47,1.98,3.9,3.75,2.39,1.52,2.43,1.55,1481.7,1496.1,-14.4,2977.8,0.0048,0,1,1,4,4,0.1111,0.0667,0.4444,0.2667,-3,-3,1,4,-3,7,8,-1,0,1,1,0,0,0,0,1,13,0,0,0,0,0.5,0,1.2,1.7,2.3,0.75,1.5,2.5,0.45,1.0812,0.0807,0.0421,0.0807,0.0926,14.9,14.7,12.22,13.44,0.2,-1.22,0.92,0.31,1,0,0,1
D2,2025-10-31,17:30:00,Elversberg,Hannover,2.0,2.0,D,1.0,1.0,D,2.3,3.59,2.75,2.38,3.75,2.88,2.2,1.61,2.25,1.62,1651.3,1588.4,62.9,3239.7,0.0194,0,6,12,4,8,0.6667,0.8,0.4444,0.5333,2,4,0,0,0,6,5,1,0,2,2,0,0,0,0,1,14,2,0,2,4,0.5,4,2.3,2.6,0.5,1.8,1.7,1.2,0.5,1.077,0.0473,0.0348,0.0473,0.2787,16.0,11.3,15.7,10.5,4.7,5.2,-0.3,0.6,0,1,0,0
D2,2025-10-31,17:30:00,Preußen Münster,Holstein Kiel,2.0,1.0,H,0.0,1.0,A,3.2,3.47,2.09,3.33,3.7,2.15,2.08,1.68,2.15,1.73,1483.2,1627.6,-144.4,3110.8,0.0464,0,1,4,3,6,0.1111,0.2667,0.3333,0.4,-2,-2,-2,0,-2,5,6,-1,0,2,2,0,0,0,0,1,14,0,0,0,0,0.5,0,1.6,1.8,1.4,2.2,1.5,0.5,-0.6,1.0792,0.0663,0.0406,0.0287,0.105,12.0,13.3,13.3,12.8,-1.3,0.5,-0.6,0.4,1,0,0,0
D2,2025-11-01,12:00:00,Nurnberg,Braunschweig,2.0,1.0,H,2.0,1.0,H,1.75,3.74,4.11,1.81,4.0,4.5,2.08,1.68,2.1,1.7,1503.4,1437.7,65.8,2941.1,0.0224,0,5,8,3,3,0.5556,0.5333,0.3333,0.2,2,5,2,3,-1,6,6,0,0,2,1,0,0,0,1,2,14,6,2,2,7,0.8,10,0.8,1.0,1.7,1.2,1.2,1.6,-0.4,1.0821,0.0949,0.0343,0.0949,0.158,14.5,12.8,9.9,15.8,1.7,-5.9,2.3,-1.1,1,0,0,0
D2,2025-11-01,12:00:00,Karlsruhe,Schalke 04,2.0,1.0,H,0.0,0.0,D,2.67,3.27,2.5,2.8,3.4,2.6,1.99,1.74,2.05,1.8,1596.6,1568.8,27.8,3165.3,0.0088,0,4,7,9,15,0.4444,0.4667,1.0,1.0,-5,-8,1,3,-2,8,8,0,0,2,1,0,0,0,1,2,14,3,1,2,5,0.6666666666666666,6,2.3,1.7,0.8,1.6,1.4,1.2,0.7,1.0803,0.0487,0.0487,0.04,0.2905,14.2,14.8,13.7,9.6,-0.6,4.1,0.4,-0.3,1,0,0,0
D2,2025-11-01,12:00:00,Hertha,Dresden,2.0,0.0,H,2.0,0.0,H,1.91,3.6,3.57,1.95,3.9,4.0,2.36,1.53,2.45,1.57,1567.3,1409.5,157.8,2976.8,0.053,0,6,9,2,3,0.6667,0.6,0.2222,0.2,4,6,3,1,2,7,7,0,0,2,2,0,0,0,1,2,14,1,1,0,0,1.0,2,1.6,1.0,0.9,0.8,1.5,1.9,0.8,1.0815,0.1204,0.0209,0.1204,0.3036,11.9,15.8,13.7,14.4,-3.9,-0.7,-0.6,0.8,1,0,0,1
D2,2025-11-01,19:30:00,Darmstadt,Bielefeld,2.0,2.0,D,2.0,1.0,H,1.89,3.83,3.45,1.95,4.1,3.6,2.29,1.56,2.43,1.62,1586.3,1526.4,59.9,3112.7,0.0192,0,2,8,3,3,0.2222,0.5333,0.3333,0.2,-1,5,-4,3,-7,8,7,1,0,2,2,0,0,0,1,2,14,1,6,1,-8,0.25,8,2.3,1.8,0.8,1.1,1.8,2.4,1.2,1.0801,0.0705,0.0317,0.0435,0.1888,13.0,13.5,12.8,14.3,-0.5,-1.5,-1.2,-1.5,0,1,0,0
D2,2025-11-02,12:30:00,Bochum,Magdeburg,2.0,0.0,H,1.0,0.0,H,2.23,3.61,2.81,2.3,3.85,3.0,2.4,1.52,2.55,1.57,1570.3,1494.6,75.8,3064.9,0.0247,0,4,4,4,4,0.4444,0.2667,0.4444,0.2667,0,0,4,4,0,8,7,1,0,1,2,0,0,0,1,2,14,1,0,1,2,1.0,2,2.1,2.3,1.3,0.7,0.6,1.2,1.4,1.0813,0.0676,0.0314,0.0676,0.2836,13.9,14.4,14.7,14.8,-0.5,-0.1,1.1,1.3,1,0,0,1
D2,2025-11-02,12:30:00,Fortuna Dusseldorf,Kaiserslautern,1.0,1.0,D,0.0,0.0,D,2.42,3.53,2.61,2.5,3.8,2.75,2.21,1.6,2.25,1.64,1542.4,1584.5,-42.1,3127.0,0.0135,0,0,3,7,10,0.0,0.2,0.7778,0.6667,-7,-7,-3,4,-7,8,7,1,0,1,1,0,0,0,1,2,14,5,3,2,6,0.4,10,1.1,1.1,1.5,0.7,1.2,2.2,0.4,1.0797,0.0765,0.0331,0.0536,0.1573,12.2,15.5,13.4,13.7,-3.3,-0.3,-0.1,-0.5,0,1,0,1
D2,2025-11-02,12:30:00,Paderborn,Greuther Furth,2.0,1.0,H,1.0,0.0,H,1.38,4.8,6.81,1.41,5.1,7.5,2.66,1.43,2.8,1.46,1639.1,1459.7,179.5,3098.8,0.0579,0,9,15,1,4,1.0,1.0,0.1111,0.2667,8,11,3,-2,5,8,9,-1,0,1,2,0,0,0,1,2,14,2,5,3,-3,0.4,10,1.9,2.0,1.5,0.7,1.1,2.2,1.2,1.0798,0.1013,0.0217,0.1013,0.1368,16.7,10.5,12.2,16.0,6.2,-3.8,0.3,0.0,1,0,0,0
D2,2025-11-07,17:30:00,Dresden,Nurnberg,1.0,2.0,A,1.0,1.0,D,2.49,3.48,2.56,2.6,3.6,2.62,2.1,1.66,2.12,1.7,1402.9,1510.3,-107.4,2913.2,0.0369,0,1,2,5,8,0.1111,0.1333,0.5556,0.5333,-4,-6,0,2,-2,6,6,0,0,2,2,0,0,0,1,2,15,1,4,3,-4,0.0,8,0.5,1.0,1.5,1.4,1.7,1.5,-0.9,1.0796,0.0442,0.0442,0.0234,0.0744,12.9,14.5,13.9,12.8,-1.6,1.1,-0.9,-0.2,0,0,1,0
D2,2025-11-07,17:30:00,Greuther Furth,Preußen Münster,1.0,0.0,H,0.0,0.0,D,2.44,3.51,2.61,2.55,3.7,2.7,2.16,1.63,2.25,1.7,1455.4,1496.0,-40.5,2951.4,0.0137,0,0,1,4,7,0.0,0.0667,0.4444,0.4667,-4,-6,-1,1,-2,5,7,-2,-1,2,2,0,0,0,1,2,15,0,0,0,0,0.5,0,1.0,1.4,2.1,0.6,1.2,2.4,0.4,1.0779,0.0541,0.0451,0.0345,0.1621,13.1,15.3,12.1,13.7,-2.2,-1.6,1.3,-0.6,1,0,0,1
D2,2025-11-08,12:00:00,Bielefeld,Karlsruhe,4.0,0.0,H,1.0,0.0,H,2.22,3.64,2.81,2.3,3.8,3.0,2.39,1.51,2.45,1.53,1529.4,1604.4,-75.0,3133.9,0.0239,0,4,4,6,10,0.4444,0.2667,0.6667,0.6667,-2,-6,4,2,2,7,7,0,0,2,1,0,0,0,1,2,15,1,4,5,-5,0.2,10,1.2,1.8,1.6,1.1,1.3,1.7,0.1,1.081,0.0676,0.036,0.0676,0.0761,12.3,15.1,13.7,14.8,-2.8,-1.1,-0.3,0.2,1,0,0,0
D2,2025-11-08,12:00:00,Hannover,Darmstadt,2.0,3.0,A,2.0,1.0,H,1.99,3.52,3.41,2.05,3.75,3.8,2.2,1.6,2.28,1.66,1591.5,1583.2,8.2,3174.7,0.0026,0,4,8,2,6,0.4444,0.5333,0.2222,0.4,2,2,0,-2,2,8,7,1,0,2,1,0,0,0,1,2,15,2,7,1,-9,0.2,10,1.5,1.1,1.3,0.9,1.1,1.3,0.6,1.0799,0.1144,0.0302,0.1144,0.1453,15.3,10.9,12.9,13.5,4.4,-0.6,1.7,0.4,0,0,1,0
D2,2025-11-08,19:30:00,Kaiserslautern,Hertha,0.0,1.0,A,0.0,1.0,A,2.21,3.6,2.83,2.3,3.75,3.0,2.36,1.53,2.45,1.55,1584.7,1573.9,10.9,3158.6,0.0034,0,5,8,6,12,0.5556,0.5333,0.6667,0.8,-1,-4,2,0,2,6,7,-1,0,2,2,0,0,0,1,2,15,1,4,1,-4,0.0,6,2.3,2.1,1.1,1.6,1.8,1.4,0.7,1.0836,0.0601,0.0407,0.0601,0.1967,14.1,13.4,12.1,15.7,0.7,-3.6,0.8,0.0,0,0,1,1
D2,2025-11-08,12:00:00,Schalke 04,Elversberg,1.0,0.0,H,1.0,0.0,H,2.24,3.28,3.06,2.3,3.45,3.33,2.0,1.73,2.07,1.8,1560.9,1648.3,-87.4,3209.2,0.0272,0,6,12,4,10,0.6667,0.8,0.4444,0.6667,2,2,0,-2,2,7,8,-1,0,1,2,0,0,0,1,2,15,1,2,1,1,0.0,4,1.6,1.2,1.2,2.0,1.9,0.9,-0.4,1.0781,0.0882,0.0268,0.0882,0.061,13.4,9.5,16.1,11.2,3.9,4.9,-0.4,-0.5,1,0,0,1
D2,2025-11-09,12:30:00,Holstein Kiel,Fortuna Dusseldorf,1.0,0.0,H,0.0,0.0,D,1.88,3.69,3.61,1.93,3.95,3.8,2.17,1.62,2.33,1.67,1614.9,1542.2,72.6,3157.1,0.023,0,2,3,1,4,0.2222,0.2,0.1111,0.2667,1,-1,1,-2,3,9,7,2,0,1,1,0,0,0,1,2,15,4,2,4,1,0.4,10,1.5,1.5,1.0,1.4,1.4,1.9,0.1,1.0799,0.0705,0.0266,0.0526,0.2019,14.4,13.1,12.2,15.6,1.3,-3.4,0.6,0.3,1,0,0,1
D2,2025-11-09,12:30:00,Magdeburg,Paderborn,0.0,1.0,A,0.0,1.0,A,3.17,3.67,2.03,3.5,3.9,2.1,2.41,1.51,2.5,1.53,1485.3,1643.4,-158.1,3128.6,0.0505,0,4,4,9,15,0.4444,0.2667,1.0,1.0,-5,-11,4,3,1,7,7,0,0,2,1,0,0,0,1,2,15,0,2,6,-2,0.0,8,1.2,1.5,2.2,1.8,1.4,1.1,-0.6,1.0805,0.1041,0.1041,0.0345,0.084,14.3,16.3,17.2,11.8,-2.0,5.4,-1.2,0.9,0,0,1,1
D2,2025-11-09,12:30:00,Braunschweig,Bochum,0.0,2.0,A,0.0,1.0,A,2.8,3.52,2.27,2.9,3.7,2.38,2.15,1.63,2.2,1.67,1430.8,1579.6,-148.8,3010.4,0.0494,0,3,3,7,7,0.3333,0.2,0.7778,0.4667,-4,-4,3,7,-4,8,7,1,0,2,1,0,0,0,1,2,15,5,4,1,0,0.8,10,1.1,1.5,2.5,0.5,1.0,2.0,0.6,1.0818,0.0511,0.0357,0.0485,0.0583,10.2,14.4,15.3,13.9,-4.2,1.4,-1.6,-0.4,0,0,1,1
D2,2025-11-21,17:30:00,Bochum,Dresden,1.0,2.0,A,0.0,2.0,A,1.91,3.66,3.56,1.95,3.9,3.7,2.17,1.62,2.28,1.67,1589.9,1394.5,195.4,2984.4,0.0655,0,7,10,0,2,0.7778,0.6667,0.0,0.1333,7,8,4,-2,6,12,14,-2,-1,1,1,0,0,0,1,2,17,3,2,5,1,0.4,10,2.1,2.2,1.3,0.8,1.4,1.9,1.3,1.0777,0.0656,0.0209,0.0393,0.3358,15.0,15.9,11.5,14.5,-0.9,-3.0,1.2,1.3,0,0,1,0
D2,2025-11-21,17:30:00,Hertha,Braunschweig,1.0,0.0,H,0.0,0.0,D,1.59,3.95,5.13,1.62,4.2,5.4,2.05,1.69,2.1,1.75,1585.6,1420.6,165.1,3006.2,0.0549,0,9,12,0,3,1.0,0.8,0.0,0.2,9,9,6,-3,9,13,12,1,0,1,1,0,0,0,1,2,17,4,0,2,12,1.0,6,1.6,0.9,0.8,1.1,1.2,1.7,0.5,1.077,0.0633,0.0189,0.0526,0.2107,11.5,15.4,11.6,13.7,-3.9,-2.1,-1.2,-0.7,1,0,0,1
D2,2025-11-22,19:30:00,Darmstadt,Greuther Furth,4.0,2.0,H,1.0,1.0,D,1.55,4.18,5.12,1.62,4.4,5.5,2.41,1.5,2.5,1.53,1594.9,1465.2,129.7,3060.1,0.0424,0,4,6,3,4,0.4444,0.4,0.3333,0.2667,1,2,2,2,0,14,15,-1,0,1,0,0,0,0,1,2,17,4,3,3,4,0.4,10,2.1,1.7,1.0,0.7,1.2,2.1,1.4,1.0797,0.0742,0.0452,0.0742,0.1619,13.1,14.3,11.8,15.6,-1.2,-3.8,-0.1,-0.4,1,0,0,0
D2,2025-11-22,12:00:00,Fortuna Dusseldorf,Magdeburg,2.0,1.0,H,1.0,0.0,H,2.21,3.62,2.86,2.28,3.8,3.0,2.41,1.5,2.5,1.53,1535.6,1478.3,57.4,3013.9,0.019,0,1,1,3,4,0.1111,0.0667,0.3333,0.2667,-2,-3,1,2,-1,13,13,0,0,1,1,0,0,0,1,2,17,4,2,0,-1,0.6666666666666666,6,1.2,1.1,1.4,0.6,0.5,1.3,0.6,1.0784,0.0497,0.0317,0.049,0.2559,13.0,15.9,15.1,15.2,-2.9,-0.1,0.5,-1.1,1,0,0,0
D2,2025-11-22,12:00:00,Paderborn,Hannover,0.0,2.0,A,0.0,2.0,A,2.12,3.51,3.08,2.2,3.75,3.25,2.18,1.61,2.25,1.66,1650.4,1579.8,70.6,3230.1,0.0219,0,9,15,4,5,1.0,1.0,0.4444,0.3333,5,10,3,3,0,13,14,-1,0,1,1,0,0,0,1,2,17,6,1,3,8,1.0,10,1.9,1.7,1.3,1.6,1.7,1.3,0.3,1.0813,0.0684,0.0377,0.0552,0.2558,16.8,12.8,16.3,11.6,4.0,4.7,-1.0,0.5,0,0,1,1
D2,2025-11-22,12:00:00,Preußen Münster,Schalke 04,0.0,0.0,D,0.0,0.0,D,3.29,3.26,2.12,3.5,3.4,2.2,1.76,1.96,1.8,2.05,1486.2,1572.0,-85.8,3058.2,0.028,0,3,4,6,12,0.3333,0.2667,0.6667,0.8,-3,-8,2,0,2,15,14,1,0,0,1,0,0,0,1,2,17,0,0,0,0,0.5,0,1.833,1.833,1.333,1.3,1.3,1.3,0.533,1.0824,0.0638,0.0638,0.0377,0.1965,12.6,12.8,13.2,9.0,-0.2,4.2,-1.7,0.9,0,1,0,1
D2,2025-11-23,12:30:00,Kaiserslautern,Holstein Kiel,4.0,1.0,H,4.0,1.0,H,2.25,3.46,2.87,2.32,3.7,3.0,2.07,1.67,2.15,1.71,1573.0,1621.5,-48.5,3194.4,0.0152,0,2,8,4,6,0.2222,0.5333,0.4444,0.4,-2,2,-4,2,-6,15,14,1,0,0,1,0,0,0,1,2,17,3,2,1,1,0.6666666666666666,6,2.2,2.0,1.1,1.9,1.4,0.7,0.3,1.0819,0.0694,0.0311,0.0453,0.1202,14.6,13.4,14.2,13.6,1.2,0.6,0.3,0.0,1,0,0,0
D2,2025-11-23,12:30:00,Karlsruhe,Elversberg,2.0,3.0,A,0.0,1.0,A,2.97,3.59,2.15,3.1,3.9,2.23,2.26,1.57,2.3,1.62,1583.0,1637.2,-54.2,3220.2,0.0168,0,6,7,1,7,0.6667,0.4667,0.1111,0.4667,5,0,5,-5,10,15,15,0,0,0,0,0,0,0,1,2,17,3,0,1,5,1.0,4,2.5,1.9,0.9,1.9,1.9,1.0,0.6,1.0804,0.0864,0.0438,0.0372,0.2111,12.6,15.2,16.4,10.3,-2.6,6.1,-1.6,0.3,0,0,1,0
D2,2025-11-23,12:30:00,Nurnberg,Bielefeld,2.0,0.0,H,0.0,0.0,D,2.29,3.52,2.77,2.35,3.8,2.9,2.18,1.62,2.25,1.65,1518.6,1550.9,-32.2,3069.5,0.0105,0,7,11,7,7,0.7778,0.7333,0.7778,0.4667,0,4,3,7,-4,16,15,1,0,0,0,0,0,0,1,2,17,4,3,3,2,0.4,10,0.8,0.9,1.8,1.1,1.7,2.3,-0.3,1.0818,0.0795,0.0262,0.0469,0.1505,13.6,12.3,13.0,14.4,1.3,-1.4,0.7,0.5,1,0,0,1
D2,2025-11-28,17:30:00,Hannover,Karlsruhe,3.0,0.0,H,0.0,0.0,D,1.48,4.51,5.52,1.56,4.75,6.0,2.65,1.43,2.75,1.46,1598.6,1573.1,25.5,3171.7,0.008,0,4,7,3,6,0.4444,0.4667,0.3333,0.4,1,1,1,0,1,6,5,1,0,1,1,0,0,0,1,2,18,5,4,1,0,0.8,10,1.4,1.2,1.5,1.1,1.3,1.8,0.3,1.0786,0.087,0.0541,0.087,0.0076,15.5,11.8,12.8,16.9,3.7,-4.1,1.4,-0.9,1,0,0,0
D2,2025-11-28,17:30:00,Schalke 04,Paderborn,2.0,1.0,H,1.0,1.0,D,2.56,3.06,2.77,2.75,3.25,3.0,1.75,1.96,1.8,2.05,1570.9,1631.5,-60.6,3202.4,0.0189,0,4,10,6,12,0.4444,0.6667,0.6667,0.8,-2,-2,-2,0,-2,6,6,0,0,1,1,0,0,0,1,2,18,3,2,1,1,0.3333333333333333,6,1.9,1.2,1.0,2.0,1.5,1.1,-0.1,1.0784,0.083,0.0742,0.083,0.1513,13.1,8.1,16.7,12.9,5.0,3.8,-0.2,0.8,1,0,0,0
D2,2025-11-29,19:30:00,Magdeburg,Nurnberg,3.0,0.0,H,0.0,0.0,D,2.28,3.52,2.78,2.3,3.75,2.9,2.25,1.58,2.35,1.6,1471.3,1532.1,-60.8,3003.3,0.0203,0,0,4,9,11,0.0,0.2667,1.0,0.7333,-9,-7,-4,7,-11,7,6,1,0,1,1,0,0,0,1,2,18,2,3,1,2,0.0,6,1.2,1.5,2.0,1.4,1.8,1.6,-0.2,1.0824,0.0653,0.0088,0.0432,0.108,16.2,14.0,13.9,12.7,2.2,1.2,-0.6,0.6,1,0,0,0
D2,2025-11-29,12:00:00,Holstein Kiel,Hertha,0.0,1.0,A,0.0,0.0,D,2.38,3.43,2.71,2.5,3.6,2.95,2.04,1.7,2.1,1.77,1604.1,1590.2,14.0,3194.3,0.0044,0,3,5,9,12,0.3333,0.3333,1.0,0.8,-6,-7,1,6,-5,6,8,-2,-1,1,1,0,0,0,1,2,18,0,1,1,-1,0.0,2,1.5,1.5,1.0,1.9,1.9,1.0,-0.4,1.0807,0.0886,0.0504,0.0886,0.2298,13.3,14.9,11.5,15.5,-1.6,-4.0,0.4,-0.6,0,0,1,1
D2,2025-11-29,12:00:00,Greuther Furth,Bochum,0.0,3.0,A,0.0,3.0,A,2.92,3.62,2.17,3.05,3.8,2.2,2.33,1.53,2.45,1.58,1457.7,1573.8,-116.0,3031.5,0.0383,0,3,3,6,10,0.3333,0.2,0.6667,0.6667,-3,-7,3,2,1,7,8,-1,0,1,1,0,0,0,1,2,18,3,3,4,2,0.4,10,1.2,1.4,2.0,0.8,1.2,1.7,0.4,1.0795,0.0497,0.0445,0.0138,0.1169,11.7,15.7,15.9,15.4,-4.0,0.5,-2.0,-1.3,0,0,1,0
D2,2025-11-29,12:00:00,Braunschweig,Kaiserslautern,2.0,0.0,H,1.0,0.0,H,2.88,3.57,2.22,3.05,3.8,2.3,2.21,1.59,2.25,1.63,1416.0,1590.3,-174.3,3006.3,0.058,0,0,3,4,8,0.0,0.2,0.4444,0.5333,-4,-5,-3,0,-3,8,6,2,0,1,1,0,0,0,1,2,18,5,3,2,-1,0.8,10,1.1,1.4,2.2,0.8,1.0,1.8,0.3,1.0778,0.0644,0.059,0.036,0.0321,12.2,14.3,16.3,13.1,-2.1,3.2,0.2,0.9,1,0,0,1
D2,2025-11-30,12:30:00,Bielefeld,Preußen Münster,1.0,2.0,A,1.0,1.0,D,1.82,3.64,3.88,1.93,3.8,4.1,2.05,1.69,2.1,1.73,1537.4,1487.3,50.1,3024.7,0.0166,0,4,7,4,5,0.4444,0.4667,0.4444,0.3333,0,2,1,3,-2,7,8,-1,0,1,1,0,0,0,1,2,18,0,0,0,0,0.5,0,1.4,2.0,1.4,0.5,1.0,2.167,0.9,1.0819,0.0604,0.0604,0.0567,0.1585,13.4,13.4,11.9,13.4,0.0,-1.5,1.6,-1.5,0,0,1,0
D2,2025-11-30,12:30:00,Dresden,Fortuna Dusseldorf,2.0,1.0,H,1.0,0.0,H,2.33,3.5,2.71,2.45,3.75,2.85,2.23,1.59,2.3,1.62,1410.6,1542.7,-132.1,2953.2,0.0447,0,3,4,4,4,0.3333,0.2667,0.4444,0.2667,-1,0,2,4,-2,9,8,1,0,1,1,0,0,0,1,2,18,4,2,4,5,0.4,10,0.4,1.0,1.6,1.4,1.3,1.7,-1.0,1.0839,0.0714,0.0515,0.0517,0.0157,10.4,15.6,12.7,16.7,-5.2,-4.0,0.7,0.2,1,0,0,0
D2,2025-11-30,12:30:00,Elversberg,Darmstadt,0.0,0.0,D,0.0,0.0,D,2.09,3.53,3.14,2.15,3.8,3.4,2.15,1.63,2.2,1.65,1647.1,1602.4,44.7,3249.4,0.0137,0,4,7,7,8,0.4444,0.4667,0.7778,0.5333,-3,-1,1,6,-5,7,8,-1,0,1,1,0,0,0,1,2,18,2,0,0,7,1.0,2,2.1,2.4,0.7,1.2,1.3,1.3,0.9,1.0802,0.0828,0.0287,0.0828,0.2163,17.9,10.3,13.5,14.2,7.6,-0.7,3.0,0.4,0,1,0,1
D2,2025-12-05,17:30:00,Fortuna Dusseldorf,Schalke 04,0.0,2.0,A,0.0,1.0,A,3.17,3.34,2.16,3.3,3.5,2.25,1.86,1.83,1.9,1.9,1530.4,1581.2,-50.8,3111.6,0.0163,0,3,4,7,10,0.3333,0.2667,0.7778,0.6667,-4,-6,2,4,-2,5,7,-2,-1,2,2,0,0,0,1,2,19,3,1,2,3,1.0,6,1.2,1.2,1.5,1.3,1.0,1.0,-0.1,1.0778,0.0479,0.041,0.0417,0.2349,12.4,17.4,12.9,8.3,-5.0,4.6,-1.4,-0.4,0,0,1,1
D2,2025-12-05,17:30:00,Preußen Münster,Hannover,2.0,2.0,D,0.0,1.0,A,4.04,3.8,1.77,4.2,4.0,1.88,2.14,1.63,2.2,1.66,1500.1,1612.2,-112.1,3112.4,0.036,0,4,7,6,10,0.4444,0.4667,0.6667,0.6667,-2,-3,1,2,-1,5,7,-2,-1,2,2,0,0,0,1,2,19,0,0,0,0,0.5,0,1.714,1.571,1.143,1.9,1.9,1.2,-0.186,1.0757,0.0621,0.0396,0.0621,0.2096,12.6,13.5,16.1,11.8,-0.9,4.3,-2.3,1.9,0,1,0,0
D2,2025-12-06,12:00:00,Bochum,Bielefeld,1.0,0.0,H,0.0,0.0,D,2.22,3.38,3.01,2.4,3.6,3.3,2.19,1.61,2.25,1.69,1588.0,1524.5,63.4,3112.5,0.0204,0,6,10,3,7,0.6667,0.6667,0.3333,0.4667,3,3,2,-1,3,7,6,1,0,1,2,0,0,0,1,2,19,1,5,4,-7,0.2,10,2.1,2.3,1.3,0.8,1.4,2.3,1.3,1.0785,0.0963,0.0811,0.0963,0.2655,15.7,15.9,13.8,13.8,-0.2,0.0,0.0,1.3,1,0,0,1
D2,2025-12-06,19:30:00,Darmstadt,Karlsruhe,3.0,2.0,H,1.0,1.0,D,1.71,3.95,4.12,1.8,4.2,4.4,2.37,1.52,2.45,1.54,1605.1,1559.5,45.6,3164.6,0.0144,0,7,8,0,6,0.7778,0.5333,0.0,0.4,7,2,6,-6,12,6,8,-2,-1,2,2,0,0,0,1,2,19,4,3,3,0,0.4,10,2.1,2.0,1.2,1.1,1.2,1.8,1.0,1.0807,0.068,0.0526,0.068,0.1194,12.9,13.9,12.8,17.1,-1.0,-4.3,-0.7,-0.8,1,0,0,0
D2,2025-12-06,12:00:00,Kaiserslautern,Dresden,3.0,1.0,H,1.0,0.0,H,1.86,3.76,3.61,1.91,4.0,4.0,2.22,1.59,2.25,1.62,1571.4,1422.9,148.5,2994.2,0.0496,0,3,5,6,6,0.3333,0.3333,0.6667,0.4,-3,-1,1,6,-5,7,6,1,0,2,1,0,0,0,1,2,19,5,2,1,11,0.75,8,2.2,2.1,1.1,1.0,1.5,1.9,1.2,1.0806,0.108,0.0269,0.108,0.2811,15.6,13.0,11.4,15.3,2.6,-3.9,0.2,0.6,1,0,0,0
D2,2025-12-06,12:00:00,Paderborn,Elversberg,1.0,2.0,A,0.0,1.0,A,2.27,3.5,2.85,2.4,3.7,3.15,2.1,1.65,2.15,1.7,1621.2,1644.3,-23.1,3265.6,0.0071,0,3,9,4,5,0.3333,0.6,0.4444,0.3333,-1,4,-3,3,-6,8,6,2,0,2,2,0,0,0,1,2,19,2,1,1,1,0.5,4,1.9,1.6,1.3,1.9,1.9,1.1,0.0,1.0771,0.1053,0.0573,0.1053,0.1581,16.0,12.9,17.7,10.7,3.1,7.0,-2.0,0.1,0,0,1,0
D2,2025-12-07,12:30:00,Hertha,Magdeburg,0.0,2.0,A,0.0,0.0,D,1.85,3.63,3.76,1.92,3.8,4.2,2.35,1.53,2.4,1.55,1602.1,1489.0,113.1,3091.1,0.0366,0,9,15,3,6,1.0,1.0,0.3333,0.4,6,9,3,0,3,8,8,0,0,1,1,0,0,0,1,2,19,2,1,1,1,0.5,4,1.8,0.9,0.7,0.5,0.6,1.5,1.3,1.082,0.117,0.0378,0.117,0.2419,11.8,14.8,16.2,13.4,-3.0,2.8,-1.3,0.6,0,0,1,1
D2,2025-12-07,12:30:00,Nurnberg,Greuther Furth,2.0,2.0,D,0.0,0.0,D,1.75,3.93,3.93,1.8,4.2,4.2,2.42,1.51,2.55,1.54,1514.3,1443.6,70.8,2957.9,0.0239,0,6,10,3,3,0.6667,0.6667,0.3333,0.2,3,7,2,3,-1,8,8,0,0,2,1,0,0,0,1,2,19,3,4,3,5,0.4,10,1.1,1.1,1.5,0.7,1.4,2.4,0.4,1.0803,0.0687,0.0286,0.0687,0.1632,13.2,13.1,11.4,15.2,0.1,-3.8,0.9,0.5,0,1,0,0
D2,2025-12-07,12:30:00,Braunschweig,Holstein Kiel,1.0,1.0,D,1.0,1.0,D,2.77,3.57,2.29,2.95,3.8,2.35,2.07,1.68,2.15,1.74,1435.0,1592.2,-157.3,3027.2,0.0519,0,3,3,3,4,0.3333,0.2,0.3333,0.2667,0,-1,3,2,1,8,8,0,0,1,2,0,0,0,1,2,19,1,5,2,-10,0.0,8,1.1,1.3,2.0,1.6,1.1,1.1,-0.5,1.0778,0.065,0.065,0.0262,0.0421,13.0,14.0,13.3,14.7,-1.0,-1.4,0.2,0.9,0,1,0,1
D2,2025-12-12,17:30:00,Dresden,Braunschweig,2.0,3.0,A,0.0,2.0,A,2.16,3.25,3.27,2.25,3.55,3.4,1.9,1.8,2.0,1.88,1416.1,1438.0,-21.9,2854.1,0.0077,0,6,6,4,4,0.6667,0.4,0.4444,0.2667,2,2,6,4,2,6,5,1,0,2,2,0,0,0,1,2,20,2,4,4,-2,0.2,10,0.7,1.1,1.5,1.0,1.1,1.7,-0.3,1.0765,0.0923,0.0417,0.0398,0.1388,11.2,14.2,13.7,14.1,-3.0,-0.4,-0.2,-1.0,0,0,1,0
D2,2025-12-12,17:30:00,Greuther Furth,Hertha,3.0,3.0,D,1.0,2.0,A,3.67,3.64,1.88,3.8,3.8,1.92,2.11,1.65,2.25,1.7,1446.9,1581.7,-134.7,3028.6,0.0445,0,1,4,6,12,0.1111,0.2667,0.6667,0.8,-5,-8,-2,0,-2,5,5,0,0,2,2,0,0,0,1,2,20,1,5,0,-10,0.3333333333333333,6,1.1,1.1,2.0,1.9,1.5,0.9,-0.8,1.0791,0.044,0.0354,0.0213,0.1554,11.5,15.1,12.8,14.5,-3.6,-1.7,-0.4,-0.6,0,1,0,0
D2,2025-12-13,12:00:00,Bielefeld,Kaiserslautern,0.0,0.0,D,0.0,0.0,D,2.14,3.46,3.07,2.23,3.7,3.33,2.15,1.62,2.25,1.67,1517.7,1578.1,-60.4,3095.9,0.0195,0,0,4,6,7,0.0,0.2667,0.6667,0.4667,-6,-3,-4,5,-9,7,7,0,0,2,2,0,0,0,1,2,20,5,3,2,3,0.4,10,1.4,2.0,1.3,0.8,1.0,1.8,0.6,1.082,0.0847,0.0421,0.0847,0.082,14.0,13.4,15.4,13.1,0.6,2.3,0.9,-0.8,0,1,0,1
D2,2025-12-13,19:30:00,Hannover,Bochum,0.0,0.0,D,0.0,0.0,D,1.71,3.78,4.36,1.77,4.1,5.0,2.34,1.53,2.45,1.57,1610.5,1594.8,15.7,3205.3,0.0049,0,7,8,6,12,0.7778,0.5333,0.6667,0.8,1,-4,6,0,6,8,7,1,0,1,2,0,0,0,1,2,20,4,3,1,3,1.0,8,1.6,1.5,1.5,0.8,1.3,1.7,0.8,1.0787,0.1468,0.0351,0.1468,0.0788,14.5,12.8,15.5,15.4,1.7,0.1,-1.1,-1.4,0,1,0,1
D2,2025-12-13,12:00:00,Karlsruhe,Paderborn,0.0,4.0,A,0.0,0.0,D,3.38,3.6,1.97,3.6,3.9,2.05,2.16,1.62,2.2,1.65,1552.3,1610.4,-58.1,3162.6,0.0184,0,0,3,0,6,0.0,0.2,0.0,0.4,0,-3,-3,-6,3,7,7,0,0,1,1,0,0,0,1,2,20,3,4,3,-6,0.4,10,2.2,2.0,1.2,2.0,1.4,1.0,0.2,1.0812,0.0833,0.0651,0.0406,0.2435,12.8,17.2,14.9,13.0,-4.4,1.9,-0.2,-0.1,0,0,1,0
D2,2025-12-13,12:00:00,Magdeburg,Holstein Kiel,3.0,3.0,D,2.0,1.0,H,2.23,3.44,2.91,2.33,3.6,3.1,2.28,1.56,2.38,1.6,1509.4,1589.3,-79.8,3098.7,0.0258,0,6,6,1,4,0.6667,0.4,0.1111,0.2667,5,2,6,-2,8,6,6,0,0,2,2,0,0,0,1,2,20,2,2,2,1,0.0,6,1.2,1.6,2.0,1.4,1.1,1.2,-0.2,1.0828,0.0653,0.0448,0.0653,0.0717,16.3,14.0,13.4,15.5,2.3,-2.1,0.0,-0.5,0,1,0,0
D2,2025-12-14,12:30:00,Darmstadt,Preußen Münster,1.0,0.0,H,0.0,0.0,D,1.64,3.76,4.84,1.7,4.0,5.66,2.14,1.63,2.2,1.65,1612.4,1501.9,110.5,3114.3,0.0355,0,7,11,5,8,0.7778,0.7333,0.5556,0.5333,2,3,3,2,1,8,9,-1,0,2,2,0,0,0,1,2,20,0,0,0,0,0.5,0,2.1,2.0,1.3,0.857,1.143,2.0,1.243,1.0823,0.1694,0.0366,0.1694,0.1753,14.4,13.6,12.4,13.0,0.8,-0.6,1.1,-2.1,1,0,0,1
D2,2025-12-14,12:30:00,Elversberg,Fortuna Dusseldorf,1.0,0.0,H,0.0,0.0,D,1.54,4.26,5.06,1.66,4.5,5.5,2.34,1.53,2.4,1.55,1655.2,1516.2,139.0,3171.4,0.0438,0,7,8,3,4,0.7778,0.5333,0.3333,0.2667,4,4,6,2,4,8,9,-1,0,2,2,0,0,0,1,2,20,1,1,2,-3,0.0,4,2.2,2.4,0.6,1.1,1.2,1.8,1.1,1.0817,0.087,0.0779,0.087,0.1688,17.0,10.5,12.8,16.7,6.5,-3.9,4.1,-0.9,1,0,0,1
D2,2025-12-14,12:30:00,Schalke 04,Nurnberg,1.0,0.0,H,0.0,0.0,D,1.73,3.64,4.37,1.78,3.85,4.9,1.86,1.84,1.9,1.9,1595.4,1511.0,84.4,3106.4,0.0272,0,7,10,4,10,0.7778,0.6667,0.4444,0.6667,3,0,4,-2,6,9,7,2,0,1,1,0,0,0,1,2,20,5,1,0,7,1.0,6,1.9,1.2,1.0,1.4,1.7,1.7,0.5,1.0816,0.1213,0.0289,0.1213,0.1742,13.1,8.7,12.1,13.0,4.4,-0.9,-0.1,0.3,1,0,0,1
D2,2025-12-19,17:30:00,Hertha,Bielefeld,1.0,1.0,D,0.0,0.0,D,1.94,3.52,3.6,2.0,3.75,3.9,2.09,1.65,2.15,1.7,1579.3,1518.0,61.2,3097.3,0.0198,0,4,10,1,4,0.4444,0.6667,0.1111,0.2667,3,6,-2,-2,0,7,6,1,0,2,2,0,0,0,1,2,21,2,0,0,4,1.0,2,1.7,0.8,0.8,0.8,1.2,2.0,0.9,1.0773,0.0833,0.0309,0.0833,0.2019,13.6,14.2,14.1,12.7,-0.6,1.4,-2.4,0.6,0,1,0,1
D2,2025-12-19,17:30:00,Paderborn,Darmstadt,2.0,2.0,D,0.0,2.0,A,2.11,3.48,3.16,2.18,3.7,3.4,2.07,1.67,2.15,1.72,1629.9,1618.1,11.8,3248.0,0.0036,0,3,6,7,13,0.3333,0.4,0.7778,0.8667,-4,-7,0,1,-1,6,5,1,0,2,2,0,0,0,1,2,21,4,6,0,3,0.4,10,1.9,1.6,1.3,1.3,1.2,1.1,0.6,1.0777,0.0759,0.0332,0.0759,0.1759,15.9,12.7,14.1,14.0,3.2,0.1,0.7,0.9,0,1,0,0
D2,2025-12-20,12:00:00,Kaiserslautern,Magdeburg,2.0,3.0,A,0.0,2.0,A,2.11,3.68,2.98,2.16,3.8,3.15,2.42,1.49,2.55,1.53,1577.8,1510.3,67.5,3088.1,0.0219,0,4,7,7,7,0.4444,0.4667,0.7778,0.4667,-3,0,1,7,-6,7,7,0,0,2,2,0,0,0,1,2,21,1,3,2,-4,0.3333333333333333,6,2.5,2.3,1.0,0.8,0.8,1.4,1.7,1.0812,0.057,0.0237,0.057,0.2498,14.3,13.3,17.3,14.4,1.0,2.9,-0.1,0.0,0,0,1,0
D2,2025-12-20,19:30:00,Holstein Kiel,Dresden,2.0,1.0,H,1.0,1.0,D,1.89,3.61,3.61,1.95,3.75,3.85,2.13,1.63,2.2,1.67,1588.4,1405.3,183.1,2993.6,0.0612,0,2,5,3,6,0.2222,0.3333,0.3333,0.4,-1,-1,-1,0,-1,7,8,-1,0,2,2,0,0,0,1,2,21,7,0,1,16,1.0,8,1.2,1.3,1.1,1.0,1.5,2.0,0.2,1.0831,0.0665,0.0317,0.0665,0.3226,13.7,16.0,11.4,14.2,-2.3,-2.8,0.2,0.6,1,0,0,0
D2,2025-12-20,12:00:00,Fortuna Dusseldorf,Greuther Furth,2.0,1.0,H,1.0,0.0,H,1.87,3.64,3.66,1.93,3.75,3.95,2.16,1.61,2.25,1.63,1511.1,1449.3,61.8,2960.4,0.0209,0,0,3,2,5,0.0,0.2,0.2222,0.3333,-2,-2,-3,-1,-2,6,8,-2,-1,1,2,0,0,0,1,2,21,2,5,3,-4,0.2,10,0.9,1.1,1.7,0.8,1.6,2.5,0.1,1.0827,0.0792,0.0321,0.0792,0.1872,13.4,16.4,11.8,15.3,-3.0,-3.5,-0.6,1.3,1,0,0,0
D2,2025-12-20,12:00:00,Bochum,Karlsruhe,2.0,2.0,D,1.0,0.0,H,1.71,3.89,4.18,1.78,4.2,4.4,2.26,1.56,2.35,1.57,1596.7,1532.7,63.9,3129.4,0.0204,0,7,10,0,0,0.7778,0.6667,0.0,0.0,7,10,4,0,4,7,7,0,0,2,2,0,0,0,1,2,21,1,2,7,-3,0.0,10,2.1,2.2,1.2,1.0,1.3,2.0,1.1,1.0811,0.0797,0.0409,0.0526,0.1428,15.0,15.4,12.1,18.8,-0.4,-6.7,0.8,0.0,0,1,0,0
D2,2025-12-21,12:30:00,Braunschweig,Schalke 04,2.0,1.0,H,0.0,0.0,D,3.23,3.22,2.15,3.4,3.35,2.23,1.72,2.0,1.75,2.05,1448.8,1601.7,-152.9,3050.5,0.0501,0,7,7,9,13,0.7778,0.4667,1.0,0.8667,-2,-6,7,5,2,9,7,2,0,2,1,0,0,0,1,2,21,1,2,1,-4,0.5,4,0.9,1.2,2.1,1.6,1.2,0.8,-0.7,1.0853,0.0526,0.0526,0.0372,0.0976,14.4,12.9,12.8,8.4,1.5,4.4,1.0,0.2,1,0,0,0
D2,2025-12-21,12:30:00,Nurnberg,Hannover,2.0,1.0,H,1.0,1.0,D,3.2,3.59,2.04,3.4,3.9,2.1,2.15,1.62,2.25,1.68,1504.6,1608.6,-104.0,3113.3,0.0334,0,1,7,5,8,0.1111,0.4667,0.5556,0.5333,-4,-1,-5,2,-7,7,8,-1,0,2,1,0,0,0,1,2,21,2,5,3,-8,0.0,10,1.2,1.1,1.4,2.0,2.0,1.1,-0.8,1.0812,0.0864,0.0625,0.0294,0.1622,10.6,12.4,14.8,12.8,-1.8,2.0,-0.2,1.0,1,0,0,0
D2,2025-12-21,12:30:00,Preußen Münster,Elversberg,1.0,1.0,D,0.0,1.0,A,3.32,3.53,2.01,3.5,3.7,2.05,2.07,1.66,2.12,1.7,1496.2,1660.2,-164.1,3156.4,0.052,0,4,5,7,10,0.4444,0.3333,0.7778,0.6667,-3,-5,3,4,-1,7,7,0,0,1,1,0,0,0,1,2,21,0,0,0,0,0.5,0,1.625,1.625,1.25,2.1,2.0,1.1,-0.475,1.082,0.0542,0.0542,0.0199,0.0894,12.5,13.0,16.3,11.2,-0.5,5.1,-3.5,1.9,0,1,0,1
D2,2026-01-16,17:30:00,Braunschweig,Magdeburg,0.0,3.0,A,0.0,1.0,A,2.62,3.53,2.41,2.75,3.7,2.5,2.23,1.58,2.3,1.61,1461.7,1523.6,-61.9,2985.3,0.0207,0,7,10,7,10,0.7778,0.6667,0.7778,0.6667,0,0,4,4,0,26,27,-1,0,0,0,0,0,0,1,2,25,3,3,1,0,0.3333333333333333,7,1.1,1.2,2.0,1.0,1.0,1.5,0.1,1.0799,0.0496,0.0496,0.0373,0.1582,14.5,12.8,17.2,14.3,1.7,2.9,-0.6,0.4,0,0,1,0
D2,2026-01-16,17:30:00,Fortuna Dusseldorf,Bielefeld,1.0,0.0,H,0.0,0.0,D,2.49,3.33,2.66,2.55,3.5,2.75,1.93,1.78,1.98,1.83,1518.0,1521.1,-3.1,3039.1,0.001,0,3,6,2,2,0.3333,0.4,0.2222,0.1333,1,4,0,2,-2,27,28,-1,0,0,0,0,0,0,1,2,25,6,2,2,9,1.0,10,1.1,1.0,1.5,0.9,1.2,1.9,0.2,1.0778,0.0511,0.0241,0.0338,0.2225,14.2,15.1,14.1,12.4,-0.9,1.7,-3.1,1.5,1,0,0,1
D2,2026-01-17,12:00:00,Dresden,Greuther Furth,2.0,0.0,H,1.0,0.0,H,1.87,3.66,3.67,1.95,3.9,3.9,2.23,1.58,2.3,1.6,1401.1,1442.4,-41.3,2843.5,0.0145,0,0,6,2,2,0.0,0.4,0.2222,0.1333,-2,4,-6,2,-8,28,28,0,0,0,0,0,0,0,1,2,25,1,5,4,-5,0.2,10,0.6,1.3,1.8,0.8,1.7,2.6,-0.2,1.0805,0.0656,0.0428,0.0627,0.0463,12.1,14.3,12.1,14.4,-2.2,-2.3,1.6,0.2,1,0,0,1
D2,2026-01-17,19:30:00,Hertha,Schalke 04,0.0,0.0,D,0.0,0.0,D,2.56,3.11,2.71,2.66,3.3,2.8,1.73,1.98,1.77,2.05,1576.2,1588.8,-12.6,3165.0,0.004,0,2,8,6,10,0.2222,0.5333,0.6667,0.6667,-4,-2,-4,2,-6,29,27,2,0,0,0,0,0,0,1,2,25,2,2,1,2,0.5,5,1.5,0.8,0.9,1.6,1.2,0.8,-0.1,1.0812,0.0611,0.0391,0.0332,0.2205,13.2,14.1,11.4,9.0,-0.9,2.4,0.7,-0.3,0,1,0,1
D2,2026-01-17,12:00:00,Nurnberg,Elversberg,3.0,2.0,H,0.0,1.0,A,2.94,3.43,2.22,3.15,3.6,2.28,2.03,1.7,2.1,1.75,1516.2,1657.1,-140.9,3173.3,0.0444,0,4,7,7,11,0.4444,0.4667,0.7778,0.7333,-3,-4,1,3,-2,27,27,0,0,0,0,0,0,0,1,2,25,2,3,0,0,0.5,5,1.5,1.2,1.2,1.9,1.8,1.1,-0.4,1.0821,0.0714,0.0714,0.027,0.085,10.4,12.5,15.4,11.9,-2.1,3.5,-2.9,1.5,1,0,0,0
D2,2026-01-17,12:00:00,Preußen Münster,Karlsruhe,0.0,2.0,A,0.0,0.0,D,1.95,3.45,3.56,2.0,3.65,3.8,2.04,1.69,2.1,1.73,1499.3,1535.9,-36.6,3035.2,0.012,0,2,6,1,1,0.2222,0.4,0.1111,0.0667,1,5,-2,1,-3,27,28,-1,0,0,0,0,0,0,1,2,25,0,1,0,-1,0.5,1,1.556,1.556,1.222,0.8,1.3,2.1,0.756,1.0836,0.0674,0.0256,0.0674,0.0747,13.3,12.8,11.6,17.8,0.5,-6.2,0.0,0.4,0,0,1,1
D2,2026-01-18,12:30:00,Holstein Kiel,Paderborn,2.0,0.0,H,1.0,0.0,H,2.77,3.42,2.34,2.95,3.6,2.4,2.06,1.68,2.1,1.76,1592.5,1628.2,-35.6,3220.7,0.0111,0,5,5,4,4,0.5556,0.3333,0.4444,0.2667,1,1,5,4,1,29,30,-1,0,0,0,0,0,0,1,2,25,4,4,2,-1,0.4,10,1.2,1.1,1.2,2.0,1.5,0.8,-0.8,1.0808,0.065,0.065,0.0256,0.2153,13.7,16.0,15.2,12.7,-2.3,2.5,0.1,-0.1,1,0,0,1
D2,2026-01-18,12:30:00,Kaiserslautern,Hannover,3.0,1.0,H,0.0,0.0,D,3.16,3.46,2.09,3.3,3.6,2.18,2.09,1.66,2.2,1.71,1564.6,1597.1,-32.5,3161.7,0.0103,0,4,7,2,8,0.4444,0.4667,0.2222,0.5333,2,-1,1,-4,5,29,28,1,0,0,0,0,0,0,1,2,25,3,4,2,-3,0.5,9,2.2,2.3,1.2,1.7,1.9,1.2,0.5,1.0839,0.0443,0.0443,0.0431,0.2618,14.9,12.8,15.0,12.7,2.1,2.3,0.6,1.2,1,0,0,0
D2,2026-01-18,12:30:00,Bochum,Darmstadt,3.0,3.0,D,2.0,2.0,D,2.37,3.41,2.71,2.48,3.55,2.88,2.15,1.62,2.25,1.67,1593.5,1619.9,-26.3,3213.4,0.0082,0,5,8,7,11,0.5556,0.5333,0.7778,0.7333,-2,-3,2,3,-1,29,30,-1,0,0,0,0,0,0,1,2,25,4,3,3,-3,0.75,10,1.9,2.0,1.1,1.3,1.3,1.2,0.6,1.0842,0.0627,0.0464,0.0627,0.1733,13.8,15.8,13.9,14.6,-2.0,-0.7,0.9,1.1,0,1,0,0
D2,2026-01-23,17:30:00,Bielefeld,Holstein Kiel,2.0,2.0,D,0.0,2.0,A,2.14,3.26,3.32,2.18,3.3,3.5,1.79,1.92,1.91,2.03,1512.5,1606.0,-93.6,3118.5,0.03,0,2,2,7,8,0.2222,0.1333,0.7778,0.5333,-5,-6,2,6,-4,7,5,2,0,1,1,0,0,0,1,2,26,7,1,1,8,0.75,9,1.4,1.9,1.2,1.2,1.3,1.5,0.2,1.0752,0.0542,0.0187,0.0542,0.0316,13.6,12.5,12.2,17.0,1.1,-4.8,1.4,-1.2,0,1,0,0
D2,2026-01-23,17:30:00,Darmstadt,Nurnberg,2.0,0.0,H,0.0,0.0,D,1.95,3.49,3.64,2.0,3.7,3.9,2.01,1.73,2.15,1.8,1620.6,1528.7,91.9,3149.3,0.0292,0,5,9,6,7,0.5556,0.6,0.6667,0.4667,-1,2,1,5,-4,5,6,-1,0,1,1,0,0,0,1,2,26,6,3,1,4,0.5,10,2.4,2.1,0.9,1.1,1.5,1.7,1.3,1.0741,0.0714,0.0256,0.0714,0.2401,13.9,14.4,11.4,12.6,-0.5,-1.2,0.3,-1.4,1,0,0,1
D2,2026-01-24,12:00:00,Greuther Furth,Braunschweig,0.0,0.0,D,0.0,0.0,D,2.48,3.4,2.61,2.55,3.6,2.8,2.06,1.69,2.1,1.73,1428.6,1444.9,-16.3,2873.5,0.0057,0,1,2,6,10,0.1111,0.1333,0.6667,0.6667,-5,-8,0,2,-2,7,8,-1,0,1,1,0,0,0,1,2,26,6,2,2,9,0.6,10,1.1,1.3,2.2,1.0,1.0,1.7,0.1,1.0805,0.0728,0.0282,0.0728,0.2035,11.8,14.6,14.4,13.3,-2.8,1.1,-0.6,-0.7,0,1,0,1
D2,2026-01-24,12:00:00,Hannover,Fortuna Dusseldorf,2.0,1.0,H,1.0,0.0,H,1.63,3.95,4.69,1.71,4.2,5.0,2.16,1.62,2.2,1.65,1583.8,1526.7,57.1,3110.4,0.0183,0,1,5,6,6,0.1111,0.3333,0.6667,0.4,-5,-1,-3,6,-9,6,8,-2,-1,1,1,0,0,0,1,2,26,2,2,6,2,0.25,10,1.7,1.4,1.2,1.0,1.1,1.8,0.7,1.0799,0.0661,0.0491,0.0661,0.107,15.1,13.1,14.2,14.0,2.0,0.2,1.1,-1.1,1,0,0,0
D2,2026-01-24,12:00:00,Karlsruhe,Hertha,2.0,2.0,D,2.0,1.0,H,3.27,3.54,2.02,3.5,3.75,2.12,2.15,1.62,2.25,1.7,1550.7,1575.1,-24.4,3125.7,0.0078,0,4,4,3,6,0.4444,0.2667,0.3333,0.4,1,-2,4,0,4,7,7,0,0,1,1,0,0,0,1,2,26,1,4,2,-11,0.3333333333333333,7,1.9,1.9,1.6,1.7,1.7,1.2,0.2,1.0833,0.0703,0.0703,0.0495,0.283,10.8,18.1,12.6,13.0,-7.3,-0.4,-0.2,0.6,0,1,0,0
D2,2026-01-24,19:30:00,Magdeburg,Dresden,1.0,2.0,A,1.0,2.0,A,1.75,3.9,3.97,1.82,4.0,4.2,2.45,1.49,2.5,1.53,1540.4,1414.9,125.5,2955.2,0.0425,0,7,13,3,6,0.7778,0.8667,0.3333,0.4,4,7,1,0,1,8,7,1,0,1,1,0,0,0,1,2,26,1,0,2,1,0.0,3,1.0,1.6,2.3,0.9,1.4,2.0,0.1,1.0797,0.0579,0.04,0.0579,0.2258,17.8,12.9,12.0,13.0,4.9,-1.0,-0.3,0.2,0,0,1,0
D2,2026-01-25,12:30:00,Elversberg,Bochum,1.0,1.0,D,0.0,1.0,A,2.01,3.5,3.35,2.05,3.75,3.6,2.21,1.59,2.25,1.63,1644.6,1592.7,51.9,3237.3,0.016,0,4,8,3,9,0.4444,0.5333,0.3333,0.6,1,-1,0,-3,3,8,7,1,0,1,1,0,0,0,1,2,26,0,1,0,-2,0.5,1,2.2,1.9,0.6,0.9,1.2,1.4,1.3,1.0817,0.0746,0.0199,0.0746,0.2086,14.7,13.1,14.8,14.4,1.6,0.4,0.2,-1.1,0,1,0,1
D2,2026-01-25,12:30:00,Paderborn,Preußen Münster,2.0,1.0,H,0.0,1.0,A,1.69,3.67,4.65,1.73,3.9,5.0,2.1,1.65,2.15,1.7,1614.7,1484.5,130.1,3099.2,0.042,0,4,4,1,5,0.4444,0.2667,0.1111,0.3333,3,-1,4,-3,7,7,8,-1,0,1,1,0,0,0,1,2,26,0,0,1,0,0.5,1,1.9,1.7,1.4,0.75,1.0,1.875,1.15,1.0792,0.0753,0.0237,0.0753,0.2116,15.4,12.7,13.2,12.5,2.7,0.7,1.6,-0.5,1,0,0,0
D2,2026-01-25,12:30:00,Schalke 04,Kaiserslautern,2.0,2.0,D,0.0,0.0,D,1.98,3.24,3.76,2.05,3.4,4.0,1.86,1.84,1.9,1.9,1589.9,1577.9,12.0,3167.9,0.0038,0,4,10,4,7,0.4444,0.6667,0.4444,0.4667,0,3,-2,1,-3,8,7,1,0,1,1,0,0,0,1,2,26,1,4,0,-5,0.5,5,2.1,1.1,0.8,0.9,1.0,1.6,1.2,1.0796,0.0638,0.0354,0.0638,0.1481,10.9,9.0,14.3,12.9,1.9,1.4,-1.1,0.1,0,1,0,0
D2,2026-01-30,17:30:00,Nurnberg,Preußen Münster,1.0,1.0,D,0.0,0.0,D,1.95,3.42,3.65,2.0,3.55,4.0,1.88,1.81,1.98,1.86,1520.1,1479.3,40.8,2999.5,0.0136,0,6,7,1,2,0.6667,0.4667,0.1111,0.1333,5,5,5,0,5,7,5,2,0,2,2,0,0,0,1,2,27,0,1,0,-1,0.5,1,1.8,1.4,1.2,0.667,1.0,1.889,1.133,1.0792,0.0959,0.0256,0.0959,0.1791,11.6,12.4,12.8,13.9,-0.8,-1.1,0.4,-0.7,0,1,0,1
D2,2026-01-30,17:30:00,Magdeburg,Hannover,1.0,2.0,A,0.0,1.0,A,2.4,3.53,2.65,2.55,3.7,2.8,2.25,1.57,2.33,1.62,1525.6,1590.7,-65.1,3116.3,0.0209,0,6,10,3,5,0.6667,0.6667,0.3333,0.3333,3,5,2,1,1,6,6,0,0,2,2,0,0,0,1,2,27,1,5,1,-12,0.0,7,1.0,1.7,2.0,1.6,1.9,1.4,-0.6,1.0773,0.0625,0.0625,0.0566,0.1203,18.6,13.1,14.8,12.2,5.5,2.6,1.5,0.5,0,0,1,0
D2,2026-01-31,12:00:00,Braunschweig,Karlsruhe,1.0,0.0,H,1.0,0.0,H,2.2,3.35,3.09,2.3,3.5,3.25,2.0,1.73,2.05,1.8,1446.0,1549.8,-103.8,2995.8,0.0347,0,4,8,5,5,0.4444,0.5333,0.5556,0.3333,-1,3,0,5,-5,7,7,0,0,1,2,0,0,0,1,2,27,4,4,2,-1,0.6,10,1.1,1.1,1.9,1.0,1.3,1.9,0.1,1.0767,0.0518,0.0455,0.0518,0.0293,14.9,12.3,10.4,18.7,2.6,-8.3,1.3,-0.1,1,0,0,1
D2,2026-01-31,12:00:00,Holstein Kiel,Greuther Furth,1.0,2.0,A,0.0,0.0,D,1.67,3.83,4.61,1.71,4.0,5.0,2.09,1.66,2.15,1.7,1604.9,1427.6,177.3,3032.4,0.0585,0,7,9,1,3,0.7778,0.6,0.1111,0.2,6,6,5,-1,6,8,7,1,0,2,2,0,0,0,1,2,27,4,3,3,3,0.4,10,1.5,1.2,0.9,0.7,1.6,2.7,0.8,1.0768,0.0846,0.024,0.0846,0.2498,11.8,16.8,11.2,14.7,-5.0,-3.5,1.2,0.9,0,0,1,0
D2,2026-01-31,12:00:00,Bochum,Schalke 04,2.0,0.0,H,2.0,0.0,H,2.5,3.21,2.74,2.6,3.4,2.9,1.78,1.93,1.86,2.0,1595.7,1588.1,7.6,3183.7,0.0024,0,3,7,2,8,0.3333,0.4667,0.2222,0.5333,1,-1,-1,-4,3,6,6,0,0,2,2,0,0,0,1,2,27,0,1,0,-1,0.5,1,1.7,1.8,1.3,1.7,1.2,0.6,0.0,1.0765,0.0592,0.04,0.0584,0.2383,14.5,15.3,11.0,8.5,-0.8,2.5,1.9,-0.7,1,0,0,1
D2,2026-01-31,19:30:00,Kaiserslautern,Elversberg,1.0,3.0,A,1.0,1.0,D,2.64,3.44,2.46,2.7,3.8,2.5,2.19,1.6,2.25,1.63,1579.8,1641.6,-61.9,3221.4,0.0192,0,4,8,2,8,0.4444,0.5333,0.2222,0.5333,2,0,0,-4,4,6,6,0,0,2,2,0,0,0,1,2,27,1,3,1,-2,0.5,5,2.2,2.4,1.2,1.6,1.8,1.3,0.6,1.076,0.1047,0.0227,0.0163,0.1597,13.9,12.8,15.1,12.8,1.1,2.3,-1.4,1.3,0,0,1,0
D2,2026-02-01,12:30:00,Fortuna Dusseldorf,Paderborn,2.0,1.0,H,0.0,1.0,A,3.01,3.56,2.15,3.15,3.8,2.25,2.21,1.6,2.25,1.65,1519.8,1619.8,-100.0,3139.6,0.0319,0,6,6,4,7,0.6667,0.4,0.4444,0.4667,2,-1,6,1,5,8,7,1,0,1,2,0,0,0,1,2,27,3,5,2,-4,0.25,10,1.1,0.9,1.5,1.7,1.3,1.0,-0.6,1.0782,0.0674,0.0465,0.0465,0.1487,13.5,13.6,16.2,11.9,-0.1,4.3,-2.8,1.2,1,0,0,0
D2,2026-02-01,12:30:00,Dresden,Bielefeld,1.0,1.0,D,1.0,0.0,H,2.45,3.22,2.77,2.5,3.4,2.8,1.82,1.89,1.85,1.95,1429.6,1513.6,-84.0,2943.2,0.0285,0,6,6,2,3,0.6667,0.4,0.2222,0.2,4,3,6,1,5,8,9,-1,0,1,1,0,0,0,1,2,27,3,6,1,-7,0.0,10,0.8,1.4,1.7,0.6,1.0,1.9,0.2,1.0797,0.0559,0.0204,0.0108,0.1019,11.9,13.9,13.4,11.3,-2.0,2.1,-0.4,0.5,0,1,0,1
D2,2026-02-01,12:30:00,Hertha,Darmstadt,2.0,2.0,D,2.0,1.0,H,2.19,3.45,3.03,2.25,3.75,3.1,2.07,1.68,2.1,1.73,1575.9,1629.2,-53.3,3205.1,0.0166,0,3,4,5,11,0.3333,0.2667,0.5556,0.7333,-2,-7,2,-1,3,8,9,-1,0,1,2,0,0,0,1,2,27,0,1,2,-2,0.0,3,1.5,0.7,0.8,1.3,1.5,1.4,0.2,1.0765,0.087,0.0274,0.0231,0.0999,13.1,13.4,13.8,14.9,-0.3,-1.1,-0.8,1.0,0,1,0,0
D2,2026-02-06,17:30:00,Preußen Münster,Bochum,1.0,1.0,D,1.0,0.0,H,2.57,3.35,2.56,2.65,3.45,2.63,2.01,1.72,2.1,1.77,1482.0,1607.4,-125.4,3089.4,0.0406,0,1,2,5,7,0.1111,0.1333,0.5556,0.4667,-4,-5,0,3,-3,7,6,1,0,2,2,0,0,0,1,2,28,1,0,0,1,0.5,1,1.4,1.4,1.3,0.9,1.2,1.4,0.5,1.0782,0.0311,0.0311,0.0273,0.0601,12.8,14.4,14.3,14.6,-1.6,-0.3,-1.2,1.6,0,1,0,1
D2,2026-02-06,17:30:00,Greuther Furth,Magdeburg,4.0,5.0,A,3.0,5.0,A,3.77,3.7,1.86,3.95,3.8,1.91,2.21,1.6,2.3,1.65,1443.4,1515.9,-72.6,2959.3,0.0245,0,4,5,3,7,0.4444,0.3333,0.3333,0.4667,1,-2,3,-1,4,6,7,-1,0,2,2,0,0,0,1,2,28,3,2,4,3,0.5,9,1.2,1.3,2.1,1.3,1.2,1.3,-0.1,1.0732,0.0477,0.0477,0.0269,0.2491,10.1,14.7,18.7,13.3,-4.6,5.4,-3.4,-0.3,0,0,1,0
D2,2026-02-07,12:00:00,Elversberg,Hertha,0.0,3.0,A,0.0,1.0,A,2.06,3.63,3.14,2.1,3.8,3.3,2.24,1.58,2.25,1.62,1655.4,1575.9,79.5,3231.4,0.0246,0,4,8,3,5,0.4444,0.5333,0.3333,0.3333,1,3,0,1,-1,7,6,1,0,2,2,0,0,0,1,2,28,4,1,0,7,1.0,5,2.2,1.9,0.6,1.5,1.6,1.2,0.7,1.0794,0.051,0.0194,0.051,0.253,15.3,12.4,13.3,13.1,2.9,0.2,1.8,-1.2,0,0,1,0
D2,2026-02-07,12:00:00,Paderborn,Nurnberg,2.0,1.0,H,2.0,0.0,H,1.85,3.65,3.81,1.9,3.8,4.0,2.05,1.69,2.16,1.73,1608.5,1517.5,90.9,3126.0,0.0291,0,3,7,4,7,0.3333,0.4667,0.4444,0.4667,-1,0,-1,1,-2,6,8,-2,-1,2,1,0,0,0,1,2,28,4,4,2,0,0.25,10,1.9,1.7,1.4,1.0,1.2,1.6,0.9,1.077,0.0499,0.027,0.0499,0.2145,16.0,11.9,12.2,12.0,4.1,0.2,0.7,-0.1,1,0,0,0
D2,2026-02-07,19:30:00,Darmstadt,Kaiserslautern,4.0,0.0,H,3.0,0.0,H,1.85,3.58,3.87,1.9,3.8,4.2,2.22,1.59,2.25,1.65,1629.2,1566.0,63.2,3195.2,0.0198,0,5,9,4,5,0.5556,0.6,0.4444,0.3333,1,4,1,3,-2,6,7,-1,0,1,2,0,0,0,1,2,28,3,3,3,3,0.75,9,2.4,2.0,0.8,0.9,1.0,1.6,1.5,1.0783,0.0853,0.027,0.0853,0.1815,14.6,15.2,13.1,13.5,-0.6,-0.4,0.6,-1.0,1,0,0,0
D2,2026-02-07,12:00:00,Schalke 04,Dresden,2.0,2.0,D,0.0,0.0,D,1.7,3.6,4.68,1.75,3.75,5.0,1.8,1.92,1.83,1.98,1576.3,1430.5,145.8,3006.9,0.0485,0,2,5,7,7,0.2222,0.3333,0.7778,0.4667,-5,-2,-1,7,-8,7,6,1,0,2,2,0,0,0,1,2,28,3,0,0,5,1.0,3,2.2,1.3,0.8,1.1,1.4,1.9,1.1,1.0797,0.0684,0.0294,0.0684,0.2312,11.2,8.8,12.3,14.4,2.4,-2.1,-1.4,0.2,0,1,0,0
D2,2026-02-08,12:30:00,Hannover,Holstein Kiel,3.0,1.0,H,2.0,0.0,H,1.75,3.6,4.34,1.8,3.9,4.75,2.09,1.66,2.15,1.7,1600.3,1589.1,11.3,3189.4,0.0035,0,6,7,4,8,0.6667,0.4667,0.4444,0.5333,2,-1,5,0,5,9,8,1,0,1,1,0,0,0,1,2,28,4,5,1,-4,0.4,10,1.7,1.5,1.3,1.0,1.3,1.6,0.7,1.0796,0.0945,0.0286,0.0945,0.0856,13.6,12.7,11.2,16.1,0.9,-4.9,-0.3,-1.4,1,0,0,0
D2,2026-02-08,12:30:00,Bielefeld,Braunschweig,3.0,2.0,H,2.0,2.0,D,1.98,3.34,3.63,2.02,3.4,3.8,1.79,1.92,1.87,2.0,1512.7,1457.4,55.3,2970.2,0.0186,0,2,4,4,10,0.2222,0.2667,0.4444,0.6667,-2,-6,0,-2,2,7,8,-1,0,1,1,0,0,0,1,2,28,2,3,4,5,0.5,9,1.4,1.9,1.2,1.0,0.9,1.6,0.4,1.0799,0.0468,0.0202,0.0468,0.2052,14.1,10.9,15.5,10.8,3.2,4.7,1.0,-1.3,1,0,0,0
D2,2026-02-08,12:30:00,Karlsruhe,Fortuna Dusseldorf,1.0,1.0,D,0.0,1.0,A,2.71,3.52,2.34,2.8,3.75,2.4,2.3,1.55,2.38,1.6,1538.3,1531.2,7.2,3069.5,0.0023,0,4,5,6,9,0.4444,0.3333,0.6667,0.6,-2,-4,3,3,0,8,7,1,0,1,1,0,0,0,1,2,28,0,6,4,-9,0.0,10,1.9,1.9,1.6,0.9,1.0,1.8,1.0,1.0804,0.0653,0.0332,0.0256,0.2678,10.0,18.5,12.5,13.5,-8.5,-1.0,0.7,-0.5,0,1,0,1
