Division,MatchDate,MatchTime,HomeTeam,AwayTeam,FTHome,FTAway,FTResult,HTHome,HTAway,HTResult,OddHome,OddDraw,OddAway,MaxHome,MaxDraw,MaxAway,HomeElo,AwayElo,elo_diff,elo_sum,elo_mismatch,elo_mismatch_flag,Form3Home,Form5Home,Form3Away,Form5Away,Form3Home_ratio,Form5Home_ratio,Form3Away_ratio,Form5Away_ratio,form_diff_3,form_diff_5,form_momentum_home,form_momentum_away,form_momentum,home_rest_days,away_rest_days,rest_diff,rest_diff_nonlinear,home_congestion_14d,away_congestion_14d,is_midweek,is_early_kickoff,is_evening_match,winter_period,season_phase,match_week,h2h_home_wins,h2h_away_wins,h2h_draws,h2h_home_goals_diff,h2h_home_venue_record,h2h_matches_count,home_team_home_ppg,home_team_goals_scored_avg,home_team_goals_conceded_avg,away_team_away_ppg,away_team_goals_scored_avg,away_team_goals_conceded_avg,venue_ppg_diff,overround,odds_disagreement,sharp_money_home,sharp_money_away,elo_vs_odds_home,home_shots_avg,home_shots_against_avg,away_shots_avg,away_shots_against_avg,shots_dominance_home,shots_dominance_away,corners_diff,discipline_diff,target_home,target_draw,target_away
P1,2025-08-08,20:15:00,Casa Pia,Sp Lisbon,0.0,2.0,A,0.0,1.0,A,9.14,5.11,1.3,10.0,5.6,1.33,1548.0,1952.8,-404.7,3500.8,0.1156,1,4,5,7,13,0.4444,0.3333,0.7778,0.8667,-3,-8,3,1,2,30,30,0,0,0,0,0,0,0,0,1,2,0,6,0,-16,0.0,6,1.9,1.5,1.2,2.0,2.3,0.9,-0.1,1.0743,0.0959,0.0941,0.0231,0.0253,6.6,13.9,15.4,7.4,-7.3,8.0,-1.4,0.5,0,0,1
P1,2025-08-09,15:30:00,Nacional,Gil Vicente,0.0,2.0,A,0.0,2.0,A,2.44,3.15,2.84,2.5,3.3,2.95,1434.9,1510.8,-75.9,2945.7,0.0258,0,1,2,2,8,0.1111,0.1333,0.2222,0.5333,-1,-6,0,-4,4,30,30,0,0,0,0,0,0,0,0,1,2,4,5,1,-3,0.6,10,1.4,1.7,1.6,1.2,1.1,1.0,0.2,1.0794,0.0476,0.0246,0.0387,0.1119,14.8,12.4,10.1,10.3,2.4,-0.2,1.7,0.6,0,0,1
P1,2025-08-09,20:30:00,Arouca,AVS,3.0,1.0,H,1.0,0.0,H,1.82,3.49,4.17,1.85,3.6,4.33,1562.1,1435.7,126.4,2997.8,0.0421,0,5,8,3,4,0.5556,0.5333,0.3333,0.2667,2,4,2,2,0,30,30,0,0,0,0,0,0,0,0,1,2,1,0,1,1,0.0,2,1.4,1.2,1.0,0.8,0.7,2.3,0.6,1.0758,0.0384,0.0165,0.0384,0.2452,12.5,12.4,9.5,16.1,0.1,-6.6,0.4,-1.2,1,0,0
P1,2025-08-10,17:00:00,Famalicao,Santa Clara,3.0,0.0,H,2.0,0.0,H,2.38,3.11,2.97,2.45,3.3,3.2,1606.3,1569.0,37.3,3175.3,0.0117,0,3,4,7,11,0.3333,0.2667,0.7778,0.7333,-4,-7,2,3,-1,30,30,0,0,0,0,0,0,0,0,1,2,6,3,1,6,0.4,10,1.8,1.5,0.7,1.6,1.0,0.9,0.2,1.0784,0.0774,0.0294,0.0774,0.26,11.6,11.4,11.7,11.0,0.2,0.7,3.1,-1.3,1,0,0
P1,2025-08-10,20:30:00,Moreirense,Alverca,2.0,1.0,H,1.0,1.0,D,2.05,3.14,3.52,2.12,3.3,3.6,1550.8,1402.6,148.2,2953.4,0.0502,0,4,5,3,6,0.4444,0.3333,0.3333,0.4,1,-1,3,0,3,30,30,0,0,0,0,0,0,0,0,1,2,2,0,0,3,1.0,2,1.2,1.2,1.3,0.5,0.4,1.9,0.7,1.0904,0.051,0.0341,0.0227,0.331,10.4,12.3,12.0,12.0,-1.9,0.0,-2.5,1.6,1,0,0
P1,2025-08-10,20:30:00,Sp Braga,Tondela,3.0,0.0,H,2.0,0.0,H,1.36,4.63,7.88,1.4,5.0,8.5,1768.5,1433.2,335.3,3201.8,0.1047,1,2,6,2,3,0.2222,0.4,0.2222,0.2,0,3,-2,1,-3,30,30,0,0,0,0,0,0,0,0,1,2,9,1,0,15,1.0,10,2.1,1.9,0.9,0.9,1.0,1.8,1.2,1.0782,0.0799,0.0294,0.0787,0.2296,13.1,8.3,7.7,12.7,4.8,-5.0,3.1,-0.9,1,0,0
P1,2025-08-11,18:45:00,Estoril,Estrela,1.0,1.0,D,1.0,0.0,H,1.89,3.49,3.83,1.93,3.85,4.2,1561.8,1441.8,120.0,3003.6,0.0399,0,4,7,0,3,0.4444,0.4667,0.0,0.2,4,4,1,-3,4,30,30,0,0,0,0,0,0,0,0,1,2,3,1,0,6,1.0,4,1.4,1.5,1.4,0.9,0.4,1.2,0.5,1.0767,0.1032,0.0212,0.0966,0.2576,9.2,9.2,9.8,14.2,0.0,-4.4,-0.3,-1.4,0,1,0
P1,2025-08-11,20:45:00,Porto,Guimaraes,3.0,0.0,H,2.0,0.0,H,1.57,3.93,5.41,1.62,4.1,6.0,1823.8,1669.6,154.2,3493.4,0.0441,0,9,12,3,6,1.0,0.8,0.3333,0.4,6,6,6,0,6,30,30,0,0,0,0,0,0,0,0,1,2,8,1,1,11,0.6,10,2.1,2.0,0.9,1.4,1.2,1.2,0.7,1.0762,0.1091,0.0318,0.1091,0.1924,12.6,8.5,13.4,10.8,4.1,2.6,-1.8,0.4,1,0,0
P1,2025-08-15,15:30:00,AVS,Casa Pia,0.0,2.0,A,0.0,1.0,A,2.74,3.05,2.59,2.9,3.15,2.65,1428.4,1544.6,-116.2,2973.1,0.0391,0,3,3,3,4,0.3333,0.2,0.3333,0.2667,0,-1,3,2,1,6,7,-1,0,1,1,0,0,0,0,1,3,0,0,2,0,0.0,2,0.7,0.8,1.6,0.9,1.1,1.5,-0.2,1.0789,0.0584,0.0584,0.0232,0.0956,10.1,15.0,6.3,14.9,-4.9,-8.6,0.1,0.3,0,0,1
P1,2025-08-16,20:30:00,Estrela,Benfica,0.0,1.0,A,0.0,0.0,D,13.63,6.6,1.18,16.0,7.5,1.2,1446.6,1907.2,-460.6,3353.8,0.1374,1,1,4,5,11,0.1111,0.2667,0.5556,0.7333,-4,-7,-2,-1,-1,5,30,-25,-2,1,0,0,0,0,0,1,3,0,4,0,-7,0.0,4,0.8,0.8,1.4,2.2,2.1,1.1,-1.4,1.0723,0.1739,0.1739,0.0169,0.027,9.9,14.0,15.9,10.9,-4.1,5.0,-2.6,1.5,0,0,1
P1,2025-08-16,18:00:00,Guimaraes,Estoril,3.0,2.0,H,1.0,1.0,D,1.67,3.67,4.85,1.73,3.9,5.25,1661.8,1557.0,104.7,3218.8,0.0325,0,0,6,5,8,0.0,0.4,0.5556,0.5333,-5,-2,-6,2,-8,5,5,0,0,1,1,0,0,0,0,1,3,7,2,1,6,1.0,10,1.8,1.7,1.1,1.8,2.1,1.7,0.0,1.0775,0.0825,0.0359,0.0825,0.1765,12.5,11.8,8.7,8.7,0.7,0.0,2.5,0.1,1,0,0
P1,2025-08-16,15:30:00,Tondela,Famalicao,0.0,1.0,A,0.0,0.0,D,2.82,3.17,2.46,3.0,3.35,2.5,1430.0,1619.0,-189.0,3049.0,0.062,0,1,3,6,7,0.1111,0.2,0.6667,0.4667,-5,-4,-1,5,-6,6,6,0,0,1,1,0,0,0,0,1,3,3,2,1,1,0.6666666666666666,6,0.7,1.2,2.0,1.0,1.2,1.7,-0.3,1.0766,0.0638,0.0638,0.0163,0.0058,7.7,12.6,10.6,10.9,-4.9,-0.3,-3.5,0.4,0,0,1
P1,2025-08-17,18:00:00,Santa Clara,Moreirense,0.0,1.0,A,0.0,1.0,A,1.87,3.12,4.5,1.95,3.25,4.75,1556.3,1555.5,0.9,3111.8,0.0003,0,6,10,7,8,0.6667,0.6667,0.7778,0.5333,-1,2,2,6,-4,7,7,0,0,1,1,0,0,0,0,1,3,3,3,4,2,0.2,10,1.4,1.0,1.0,0.8,1.1,1.6,0.6,1.0775,0.0556,0.0428,0.0556,0.1043,11.2,10.7,10.5,11.7,0.5,-1.2,0.3,0.8,0,0,1
P1,2025-08-17,20:30:00,Sp Lisbon,Arouca,6.0,0.0,H,3.0,0.0,H,1.25,5.68,10.08,1.29,6.1,11.0,1956.1,1569.4,386.8,3525.5,0.1097,1,7,13,7,8,0.7778,0.8667,0.7778,0.5333,0,5,1,6,-5,9,8,1,0,1,1,0,0,0,0,1,3,7,1,2,13,0.6,10,2.6,2.2,0.8,1.3,1.5,1.6,1.3,1.0753,0.0913,0.032,0.0913,0.1887,16.4,7.1,11.4,13.0,9.3,-1.6,2.3,0.0,1,0,0
P1,2025-08-17,15:30:00,Rio Ave,Nacional,1.0,1.0,D,1.0,0.0,H,2.28,3.22,3.01,2.32,3.3,3.2,1536.7,1421.5,115.2,2958.2,0.039,0,5,6,1,2,0.5556,0.4,0.1111,0.1333,4,4,4,0,4,30,8,22,2,0,1,0,0,0,0,1,3,6,1,3,6,0.6,10,1.3,1.3,1.5,0.8,0.7,1.5,0.5,1.0814,0.0631,0.0175,0.0631,0.3383,11.5,13.4,15.1,11.8,-1.9,3.3,-2.4,0.0,0,1,0
P1,2025-08-17,18:00:00,Alverca,Sp Braga,0.0,3.0,A,0.0,3.0,A,5.01,3.72,1.64,5.5,3.9,1.67,1397.9,1771.8,-373.8,3169.7,0.1179,1,3,6,4,6,0.3333,0.4,0.4444,0.4,-1,0,0,2,-2,7,7,0,0,1,1,0,0,0,0,1,3,1,3,2,-3,0.3333333333333333,6,1.6,1.3,1.2,1.8,1.2,0.8,-0.2,1.0782,0.0978,0.0978,0.0183,-0.037,11.5,11.8,13.2,8.3,-0.3,4.9,-0.8,-0.76,0,0,1
P1,2025-08-18,20:15:00,Gil Vicente,Porto,0.0,2.0,A,0.0,1.0,A,6.33,4.24,1.47,6.5,4.5,1.5,1524.2,1831.7,-307.5,3355.9,0.0916,1,5,8,9,12,0.5556,0.5333,1.0,0.8,-4,-4,2,6,-4,9,7,2,0,1,1,0,0,0,0,1,3,2,6,2,-7,0.2,10,0.8,0.7,1.3,1.6,1.1,1.2,-0.8,1.0741,0.0613,0.0269,0.0204,0.056,10.1,11.5,13.6,8.8,-1.4,4.8,-1.3,0.1,0,0,1
P1,2025-08-23,20:30:00,Arouca,Rio Ave,3.0,3.0,D,1.0,0.0,H,1.98,3.39,3.62,2.05,3.6,3.9,1565.8,1532.1,33.7,3097.9,0.0109,0,6,8,3,6,0.6667,0.5333,0.3333,0.4,3,2,4,0,4,6,6,0,0,2,1,0,0,0,0,1,4,0,6,4,-10,0.0,10,1.6,1.4,1.0,0.9,1.1,1.5,0.7,1.0763,0.0773,0.0354,0.0773,0.1757,11.8,13.7,12.2,13.1,-1.9,-0.9,-1.6,0.2,0,1,0
P1,2025-08-23,20:30:00,Benfica,Tondela,3.0,0.0,H,2.0,0.0,H,1.15,7.15,15.97,1.17,7.5,19.0,1909.0,1423.6,485.4,3332.6,0.1457,1,5,11,1,2,0.5556,0.7333,0.1111,0.1333,4,9,-1,0,-1,7,7,0,0,1,2,0,0,0,0,1,4,8,1,1,14,0.6,10,2.3,2.9,0.9,0.8,0.9,2.0,1.5,1.072,0.1897,0.0174,0.1897,0.1496,15.3,11.7,8.3,12.3,3.6,-4.0,3.4,-0.8,1,0,0
P1,2025-08-23,16:00:00,Moreirense,Guimaraes,2.0,0.0,H,0.0,0.0,D,3.36,3.14,2.17,3.5,3.25,2.2,1567.2,1667.4,-100.2,3234.5,0.031,0,9,10,3,6,1.0,0.6667,0.3333,0.4,6,4,8,0,8,6,7,-1,0,2,2,0,0,0,0,1,4,1,5,4,-5,0.2,10,1.4,1.3,1.3,1.3,1.0,1.3,0.1,1.0769,0.0417,0.0417,0.0138,0.1802,9.0,12.0,12.9,12.0,-3.0,0.9,-3.7,0.4,1,0,0
P1,2025-08-23,18:00:00,Nacional,Sp Lisbon,1.0,4.0,A,1.0,0.0,H,9.58,5.79,1.25,11.0,6.0,1.29,1426.1,1959.7,-533.6,3385.8,0.1576,1,1,2,9,13,0.1111,0.1333,1.0,0.8667,-8,-11,0,5,-5,6,6,0,0,2,1,0,0,0,0,1,4,0,9,1,-22,0.0,10,1.1,1.5,1.8,2.2,2.5,0.9,-1.1,1.0771,0.1482,0.1482,0.032,-0.0321,15.0,12.8,16.5,6.9,2.2,9.6,1.9,0.9,0,0,1
P1,2025-08-24,15:30:00,Famalicao,Gil Vicente,0.0,0.0,D,0.0,0.0,D,2.07,3.13,3.66,2.15,3.35,4.0,1625.4,1518.8,106.6,3144.2,0.0339,0,9,9,4,5,1.0,0.6,0.4444,0.3333,5,4,9,3,6,8,6,2,0,2,1,0,0,0,0,1,4,4,3,3,2,0.2,10,2.1,1.7,0.5,1.2,1.2,1.0,0.9,1.0758,0.0929,0.0386,0.0929,0.2853,11.1,10.6,10.8,11.2,0.5,-0.4,2.8,0.5,0,1,0
P1,2025-08-24,18:00:00,Porto,Casa Pia,4.0,0.0,H,3.0,0.0,H,1.2,6.09,12.56,1.22,6.5,15.0,1837.1,1556.5,280.6,3393.6,0.0827,1,9,15,3,7,1.0,1.0,0.3333,0.4667,6,8,3,-1,4,6,9,-3,-1,2,1,0,0,0,0,1,4,5,0,1,7,1.0,6,2.1,2.1,0.9,0.9,1.1,1.4,1.2,1.0772,0.1943,0.0167,0.1943,0.109,13.1,9.4,6.3,14.5,3.7,-8.2,2.0,-1.3,1,0,0
P1,2025-08-24,20:30:00,Sp Braga,AVS,2.0,2.0,D,1.0,2.0,A,1.32,4.88,8.8,1.35,5.0,10.0,1776.6,1416.6,360.1,3193.2,0.1128,1,7,8,0,3,0.7778,0.5333,0.0,0.2,7,5,6,-3,9,7,9,-2,-1,2,1,0,0,0,0,1,4,2,0,0,4,1.0,2,2.3,1.9,0.6,0.7,0.7,2.5,1.6,1.0761,0.1364,0.0227,0.1364,0.2184,13.4,8.4,10.3,14.0,5.0,-3.7,2.2,-1.4,0,1,0
P1,2025-08-25,20:15:00,Estrela,Alverca,2.0,2.0,D,1.0,2.0,A,1.88,3.3,4.11,1.91,3.4,4.5,1444.8,1393.1,51.7,2837.9,0.0182,0,1,1,0,3,0.1111,0.0667,0.0,0.2,1,-2,1,-3,4,9,8,1,0,2,1,0,0,0,0,1,4,0,0,0,0,0.5,0,0.5,0.7,1.5,0.5,0.5,1.9,0.0,1.0783,0.0949,0.016,0.0949,0.175,10.5,14.2,11.5,11.8,-3.7,-0.3,-0.2,1.92,0,1,0
P1,2025-08-29,20:15:00,Gil Vicente,Moreirense,2.0,0.0,H,0.0,0.0,D,2.51,2.79,3.13,2.6,2.87,3.25,1523.2,1583.1,-59.9,3106.3,0.0193,0,4,6,9,13,0.4444,0.4,1.0,0.8667,-5,-7,2,5,-3,5,6,-1,0,2,2,0,0,0,0,1,5,1,6,3,-10,0.0,10,0.7,0.6,1.4,1.1,1.2,1.5,-0.4,1.0763,0.0383,0.0359,0.0383,0.1444,11.4,11.6,8.9,12.0,-0.2,-3.1,1.8,-1.6,1,0,0
P1,2025-08-30,20:30:00,Sp Lisbon,Porto,1.0,2.0,A,0.0,0.0,D,1.99,3.52,3.43,2.1,3.7,3.75,1961.8,1842.1,119.7,3803.9,0.0315,0,9,13,9,15,1.0,0.8667,1.0,1.0,0,-2,5,3,2,7,6,1,0,2,2,0,0,0,0,1,5,2,2,6,0,0.4,10,2.6,2.7,0.8,1.9,1.3,1.0,0.7,1.0781,0.0933,0.0553,0.0933,0.2827,17.9,6.5,13.7,9.8,11.4,3.9,0.8,-0.3,0,0,1
P1,2025-08-30,18:00:00,Guimaraes,Arouca,1.0,1.0,D,1.0,1.0,D,1.77,3.62,4.24,1.83,3.8,4.6,1651.5,1563.3,88.2,3214.8,0.0274,0,3,3,4,8,0.3333,0.2,0.4444,0.5333,-1,-5,3,0,3,7,7,0,0,2,2,0,0,0,0,1,5,5,2,3,2,0.4,10,2.0,1.6,0.9,1.3,1.4,1.9,0.7,1.0771,0.0849,0.0339,0.0849,0.1886,12.9,11.9,12.4,13.8,1.0,-1.4,2.9,-0.2,0,1,0
P1,2025-08-30,18:00:00,AVS,Famalicao,0.0,1.0,A,0.0,0.0,D,4.06,3.35,1.88,4.5,3.5,1.92,1424.9,1621.0,-196.1,3045.9,0.0644,0,1,4,7,10,0.1111,0.2667,0.7778,0.6667,-6,-6,-2,4,-6,6,6,0,0,1,2,0,0,0,0,1,5,0,2,0,-4,0.0,2,0.6,0.7,1.7,1.2,1.2,1.6,-0.6,1.0767,0.1084,0.1084,0.0213,0.0973,10.1,14.5,10.6,12.0,-4.4,-1.4,-2.6,0.7,0,0,1
P1,2025-08-30,15:30:00,Casa Pia,Nacional,0.0,2.0,A,0.0,2.0,A,2.23,3.19,3.18,2.33,3.3,3.4,1551.5,1424.0,127.5,2975.5,0.0429,0,3,6,1,2,0.3333,0.4,0.1111,0.1333,2,4,0,0,0,6,7,-1,0,1,2,0,0,0,0,1,5,1,1,0,-1,1.0,2,1.6,1.2,1.3,0.8,0.6,1.4,0.8,1.0764,0.0692,0.0448,0.0692,0.3405,5.9,15.3,14.4,14.2,-9.4,0.2,-4.1,0.3,0,0,1
P1,2025-08-31,18:00:00,Alverca,Benfica,1.0,2.0,A,0.0,2.0,A,12.97,6.08,1.19,15.0,6.5,1.23,1396.1,1910.5,-514.3,3306.6,0.1556,1,1,4,7,11,0.1111,0.2667,0.7778,0.7333,-6,-7,-2,3,-5,6,8,-2,-1,2,1,0,0,0,0,1,5,2,4,0,-5,0.3333333333333333,6,1.3,1.1,1.4,2.5,2.2,1.0,-1.2,1.0819,0.1565,0.1565,0.0336,0.0006,10.9,12.5,15.6,11.9,-1.6,3.7,-2.8,0.02,0,0,1
P1,2025-08-31,20:30:00,Rio Ave,Sp Braga,2.0,2.0,D,2.0,1.0,H,4.44,3.8,1.7,4.75,4.0,1.75,1534.7,1768.3,-233.6,3302.9,0.0707,1,3,7,7,8,0.3333,0.4667,0.7778,0.5333,-4,-1,-1,6,-7,8,7,1,0,2,2,0,0,0,0,1,5,2,6,2,-11,0.4,10,1.1,1.2,1.5,1.8,1.3,0.7,-0.7,1.0766,0.0698,0.0698,0.0294,0.0714,13.0,12.5,14.1,8.0,0.5,6.1,-1.4,0.3,0,1,0
P1,2025-08-31,20:30:00,Santa Clara,Estrela,0.0,0.0,D,0.0,0.0,D,1.85,3.26,4.32,1.91,3.4,4.5,1544.6,1441.7,102.9,2986.4,0.0345,0,3,7,2,2,0.3333,0.4667,0.2222,0.1333,1,5,-1,2,-3,14,6,8,2,1,1,0,0,0,0,1,5,1,0,1,1,1.0,2,1.4,1.0,0.9,0.9,0.4,1.2,0.5,1.0788,0.0429,0.0324,0.0417,0.229,12.1,10.1,11.7,13.5,2.0,-1.8,-1.0,1.3,0,1,0
P1,2025-08-31,15:30:00,Tondela,Estoril,2.0,2.0,D,0.0,1.0,A,2.87,3.11,2.45,3.0,3.2,2.5,1422.1,1551.4,-129.3,2973.5,0.0435,0,0,1,4,5,0.0,0.0667,0.4444,0.3333,-4,-4,-1,3,-4,8,15,-7,-2,1,0,0,0,0,0,1,5,0,8,0,-12,0.0,8,0.7,1.2,1.8,1.5,1.9,1.8,-0.8,1.0781,0.0453,0.0453,0.0204,0.0923,8.6,13.2,8.6,10.0,-4.6,-1.4,-1.5,0.2,0,1,0
P1,2025-09-06,20:30:00,Estoril,Santa Clara,0.0,1.0,A,0.0,0.0,D,2.68,3.05,2.68,2.75,3.15,2.8,1549.3,1540.4,8.9,3089.7,0.0029,0,2,6,1,7,0.2222,0.4,0.1111,0.4667,1,-1,-2,-5,3,6,6,0,0,1,1,0,0,0,0,1,6,2,3,1,-3,0.3333333333333333,6,1.5,1.6,1.3,1.3,0.8,1.1,0.2,1.0741,0.0448,0.0261,0.0448,0.2643,10.4,10.0,12.1,9.5,0.4,2.6,0.0,-1.5,0,0,1
P1,2025-09-12,20:15:00,Alverca,Tondela,1.0,0.0,H,1.0,0.0,H,2.35,3.17,3.01,2.43,3.25,3.2,1394.8,1424.2,-29.4,2819.0,0.0104,0,1,1,1,2,0.1111,0.0667,0.1111,0.1333,0,-1,1,0,1,12,12,0,0,1,1,0,0,0,0,1,7,0,0,0,0,0.5,0,1.3,1.1,1.4,0.7,0.7,2.1,0.6,1.0732,0.0631,0.034,0.0631,0.1616,10.8,11.9,8.6,14.4,-1.1,-5.8,2.0,-0.54,1,0,0
P1,2025-09-12,20:15:00,Benfica,Santa Clara,1.0,1.0,D,0.0,0.0,D,1.34,4.57,9.29,1.36,5.0,10.0,1911.8,1552.2,359.6,3464.0,0.1038,1,9,11,4,7,1.0,0.7333,0.4444,0.4667,5,4,7,1,6,12,6,6,2,1,2,0,0,0,0,1,7,8,1,1,17,0.8,10,2.3,2.9,0.9,1.5,0.8,1.0,0.8,1.0727,0.0941,0.0149,0.0764,0.2266,14.9,11.8,12.2,10.1,3.1,2.1,2.5,-1.3,0,1,0
P1,2025-09-13,15:30:00,Moreirense,Rio Ave,3.0,1.0,H,0.0,0.0,D,2.45,3.09,2.9,2.5,3.3,3.0,1568.8,1539.4,29.4,3108.2,0.0095,0,6,12,3,5,0.6667,0.8,0.3333,0.3333,3,7,0,1,-1,15,13,2,0,0,1,0,0,0,0,1,7,2,5,3,-2,0.0,10,1.6,1.5,1.3,1.0,1.4,1.7,0.6,1.0766,0.068,0.0204,0.0345,0.2601,9.1,12.0,12.3,13.4,-2.9,-1.1,-1.7,0.7,1,0,0
P1,2025-09-13,18:00:00,Porto,Nacional,1.0,0.0,H,1.0,0.0,H,1.18,6.56,14.1,1.2,7.0,17.0,1856.8,1445.0,411.8,3301.8,0.1247,1,9,15,4,4,1.0,1.0,0.4444,0.2667,5,11,3,4,-1,14,14,0,0,1,1,0,0,0,0,1,7,9,1,0,26,1.0,10,2.1,2.1,0.9,1.1,0.7,1.2,1.0,1.0708,0.2057,0.0169,0.2057,0.1498,13.7,10.4,13.4,13.9,3.3,-0.5,-1.0,-0.5,1,0,0
P1,2025-09-13,15:30:00,Estoril,AVS,3.0,1.0,H,2.0,0.0,H,1.85,3.45,4.05,1.91,3.7,4.2,1537.5,1418.7,118.8,2956.2,0.0402,0,1,5,1,1,0.1111,0.3333,0.1111,0.0667,0,4,-3,1,-4,7,14,-7,-2,2,1,0,0,0,0,1,7,1,0,1,3,0.0,2,1.4,1.4,1.2,0.8,0.8,2.4,0.6,1.0773,0.0725,0.0324,0.037,0.246,10.5,10.7,10.5,14.2,-0.2,-3.7,0.5,-0.6,1,0,0
P1,2025-09-13,20:30:00,Famalicao,Sp Lisbon,1.0,2.0,A,1.0,1.0,D,7.27,4.58,1.39,7.5,5.0,1.44,1627.2,1947.1,-319.9,3574.2,0.0895,1,7,13,6,12,0.7778,0.8667,0.6667,0.8,1,1,1,0,1,14,14,0,0,1,1,0,0,0,0,1,7,0,7,3,-11,0.0,10,2.2,1.6,0.3,2.4,2.5,0.6,-0.2,1.0753,0.0917,0.0316,0.036,0.0639,11.1,11.8,18.4,7.0,-0.7,11.4,0.0,0.8,0,0,1
P1,2025-09-14,18:00:00,Arouca,Casa Pia,0.0,2.0,A,0.0,1.0,A,1.93,3.35,3.83,2.0,3.55,4.0,1567.2,1530.5,36.7,3097.7,0.0119,0,2,8,3,3,0.2222,0.5333,0.3333,0.2,-1,5,-4,3,-7,15,15,0,0,0,0,0,0,0,0,1,7,1,3,2,-2,0.3333333333333333,6,1.4,1.6,1.3,0.6,0.8,1.6,0.8,1.0777,0.0597,0.0363,0.0444,0.1682,11.8,14.4,6.6,15.1,-2.6,-8.5,0.6,-0.3,0,0,1
P1,2025-09-14,15:30:00,Estrela,Guimaraes,0.0,2.0,A,0.0,1.0,A,3.31,3.21,2.15,3.5,3.35,2.25,1446.0,1647.5,-201.5,3093.5,0.0652,1,2,3,4,4,0.2222,0.2,0.4444,0.2667,-2,-1,1,4,-3,14,15,-1,0,1,0,0,0,0,0,1,7,0,3,1,-6,0.0,4,0.6,0.7,1.3,1.2,0.8,1.3,-0.6,1.0788,0.0574,0.0574,0.0465,0.0392,10.8,12.9,13.2,11.3,-2.1,1.9,-1.9,-0.3,0,0,1
P1,2025-09-14,20:30:00,Sp Braga,Gil Vicente,0.0,1.0,A,0.0,1.0,A,1.48,4.14,6.35,1.52,4.4,6.5,1763.5,1537.5,226.1,3301.0,0.0685,1,5,9,4,8,0.5556,0.6,0.4444,0.5333,1,1,1,0,1,14,16,-2,-1,1,0,0,0,0,0,1,7,6,1,3,6,0.8,10,2.4,2.0,0.6,1.2,1.1,0.9,1.2,1.0747,0.0628,0.027,0.0236,0.2174,15.2,7.0,11.4,11.8,8.2,-0.4,2.9,-0.1,0,0,1
P1,2025-09-19,20:15:00,Rio Ave,Porto,0.0,3.0,A,0.0,2.0,A,7.76,4.87,1.34,8.2,5.0,1.36,1528.6,1858.1,-329.5,3386.7,0.0973,1,2,4,9,15,0.2222,0.2667,1.0,1.0,-7,-11,0,3,-3,6,6,0,0,1,1,0,0,0,0,1,8,1,6,3,-8,0.2,10,1.2,1.4,1.4,2.2,1.4,0.8,-1.0,1.0805,0.0567,0.0567,0.0149,0.0641,12.1,14.3,13.8,10.4,-2.2,3.4,-2.0,-0.5,0,0,1
P1,2025-09-20,18:00:00,AVS,Benfica,0.0,3.0,A,0.0,1.0,A,14.93,6.48,1.17,16.0,7.0,1.2,1411.1,1903.5,-492.4,3314.6,0.1486,1,1,1,7,11,0.1111,0.0667,0.7778,0.7333,-6,-10,1,3,-2,7,8,-1,0,1,1,0,0,0,0,1,8,0,1,1,-6,0.0,2,0.5,0.6,1.7,2.8,2.3,0.8,-2.3,1.076,0.0802,0.0717,0.0256,0.0186,11.3,13.9,15.4,11.3,-2.6,4.1,-2.5,0.8,0,0,1
P1,2025-09-20,20:30:00,Guimaraes,Sp Braga,1.0,1.0,D,1.0,1.0,D,2.91,3.24,2.34,3.0,3.3,2.45,1656.0,1746.9,-90.9,3402.9,0.0267,0,4,7,2,8,0.4444,0.4667,0.2222,0.5333,2,-1,1,-4,5,6,6,0,0,1,1,0,0,0,0,1,8,3,4,3,-2,0.4,10,2.0,1.5,0.8,1.6,1.4,0.9,0.4,1.0796,0.047,0.0309,0.047,0.1517,13.9,11.6,14.5,7.8,2.3,6.7,-1.0,0.9,0,1,0
P1,2025-09-20,15:30:00,Nacional,Arouca,1.0,2.0,A,0.0,0.0,D,2.47,3.2,2.77,2.55,3.4,2.88,1443.7,1549.4,-105.7,2993.1,0.0353,0,3,4,2,5,0.3333,0.2667,0.2222,0.3333,1,-1,2,-1,3,7,6,1,0,1,1,0,0,0,0,1,8,1,5,4,-6,0.2,10,0.8,1.3,2.1,1.1,1.2,1.9,-0.3,1.0784,0.0625,0.0324,0.0397,0.0733,12.4,12.9,11.8,12.7,-0.5,-0.9,2.8,0.3,0,0,1
P1,2025-09-20,15:30:00,Santa Clara,Alverca,2.0,1.0,H,1.0,1.0,D,1.69,3.33,5.4,1.73,3.55,6.25,1560.5,1404.1,156.4,2964.6,0.0528,0,5,5,4,4,0.5556,0.3333,0.4444,0.2667,1,1,5,4,1,8,8,0,0,2,1,0,0,0,0,1,8,1,1,0,-1,1.0,2,1.4,1.0,0.9,0.6,0.7,1.8,0.8,1.0772,0.1574,0.0237,0.1574,0.2371,12.1,11.3,10.8,12.1,0.8,-1.3,0.2,1.5,1,0,0
P1,2025-09-21,18:00:00,Gil Vicente,Estoril,2.0,0.0,H,1.0,0.0,H,2.27,3.16,3.13,2.38,3.35,3.3,1554.1,1545.1,9.0,3099.2,0.0029,0,7,10,4,5,0.7778,0.6667,0.4444,0.3333,3,5,4,3,1,7,8,-1,0,1,1,0,0,0,0,1,8,2,3,5,1,0.2,10,0.7,0.5,1.3,1.3,1.8,1.8,-0.6,1.0765,0.0601,0.0485,0.0543,0.2026,11.9,12.2,11.4,11.0,-0.3,0.4,1.0,-1.0,1,0,0
P1,2025-09-21,20:30:00,Casa Pia,Famalicao,1.0,1.0,D,0.0,0.0,D,3.25,3.08,2.24,3.4,3.25,2.3,1548.3,1623.6,-75.3,3171.9,0.0237,0,3,6,4,10,0.3333,0.4,0.4444,0.6667,-1,-4,0,-2,2,7,8,-1,0,1,1,0,0,0,0,1,8,2,3,1,-2,0.3333333333333333,6,1.5,1.1,1.4,1.5,1.3,1.2,0.0,1.0788,0.0552,0.0462,0.0268,0.2072,7.0,14.9,11.1,12.1,-7.9,-1.0,-3.6,0.7,0,1,0
P1,2025-09-21,15:30:00,Tondela,Estrela,0.0,0.0,D,0.0,0.0,D,2.3,3.0,3.24,2.38,3.1,3.6,1414.9,1437.5,-22.6,2852.5,0.0079,0,1,1,2,3,0.1111,0.0667,0.2222,0.2,-1,-2,1,1,0,9,7,2,0,1,1,0,0,0,0,1,8,0,0,0,0,0.5,0,0.5,1.2,1.9,0.9,0.4,1.2,-0.4,1.0768,0.1111,0.0348,0.1111,0.164,9.7,13.9,10.5,13.3,-4.2,-2.8,-1.0,-0.3,0,1,0
P1,2025-09-22,20:15:00,Sp Lisbon,Moreirense,3.0,0.0,H,0.0,0.0,D,1.18,6.45,13.75,1.2,7.0,16.0,1950.6,1579.6,371.0,3530.3,0.1051,1,6,12,6,12,0.6667,0.8,0.6667,0.8,0,0,0,0,0,9,9,0,0,1,1,0,0,0,0,1,8,7,1,2,11,1.0,10,2.3,2.6,1.0,1.0,1.0,1.5,1.3,1.0752,0.1636,0.0169,0.1636,0.1386,18.6,6.9,9.8,12.5,11.7,-2.7,3.3,-0.6,1,0,0
P1,2025-09-23,20:15:00,Benfica,Rio Ave,1.0,1.0,D,0.0,0.0,D,1.18,6.87,12.13,1.22,7.5,14.5,1906.0,1522.8,383.3,3428.8,0.1118,1,7,13,1,3,0.7778,0.8667,0.1111,0.2,6,10,1,-1,2,3,4,-1,0,2,2,1,0,0,0,1,8,9,0,1,20,1.0,10,2.4,2.9,0.8,0.9,1.4,1.9,1.5,1.0755,0.1954,0.0339,0.1954,0.1435,14.7,11.3,11.8,15.4,3.4,-3.6,1.6,0.6,0,1,0
P1,2025-09-26,20:15:00,Benfica,Gil Vicente,2.0,1.0,H,2.0,1.0,H,1.3,4.98,9.28,1.33,5.3,10.0,1897.5,1565.8,331.7,3463.4,0.0958,1,5,11,9,10,0.5556,0.7333,1.0,0.6667,-4,1,-1,8,-9,3,5,-2,-1,3,2,0,0,0,0,1,9,8,2,0,17,0.6,10,2.2,2.6,0.9,1.5,1.2,0.8,0.7,1.0778,0.0776,0.0231,0.0776,0.1962,15.8,10.0,12.7,10.7,5.8,2.0,1.3,0.7,1,0,0
P1,2025-09-27,20:30:00,Estoril,Sp Lisbon,0.0,1.0,A,0.0,1.0,A,8.65,5.18,1.3,9.5,5.5,1.35,1533.4,1953.4,-420.1,3486.8,0.1205,1,3,4,6,12,0.3333,0.2667,0.6667,0.8,-3,-8,2,0,2,6,5,1,0,2,2,0,0,0,0,1,9,1,9,0,-17,0.2,10,1.4,1.6,1.3,2.4,2.4,0.7,-1.0,1.0779,0.0983,0.0983,0.0385,0.0104,11.5,12.1,19.1,6.7,-0.6,12.4,-3.3,0.9,0,0,1
P1,2025-09-27,18:00:00,Estrela,AVS,3.0,0.0,H,3.0,0.0,H,2.04,3.15,3.73,2.1,3.3,4.0,1438.4,1408.6,29.8,2846.9,0.0105,0,2,3,0,1,0.2222,0.2,0.0,0.0667,2,2,1,-1,2,6,7,-1,0,2,2,0,0,0,0,1,9,0,1,1,-1,0.0,2,0.6,0.7,1.4,0.8,0.9,2.5,-0.2,1.0758,0.0724,0.0294,0.0724,0.1841,10.5,13.1,11.1,15.2,-2.6,-4.1,-0.4,0.0,1,0,0
P1,2025-09-27,15:30:00,Moreirense,Casa Pia,2.0,1.0,H,1.0,1.0,D,2.09,3.09,3.61,2.15,3.3,3.8,1576.8,1549.0,27.8,3125.8,0.0089,0,3,9,4,7,0.3333,0.6,0.4444,0.4667,-1,2,-3,1,-4,5,6,-1,0,2,2,0,0,0,0,1,9,2,2,0,-3,0.5,4,1.9,1.7,1.2,0.9,0.9,1.4,1.0,1.0791,0.068,0.0287,0.0526,0.1938,9.6,13.0,7.4,15.0,-3.4,-7.6,0.3,-1.2,1,0,0
P1,2025-09-27,16:30:00,Santa Clara,Tondela,1.0,2.0,A,0.0,0.0,D,1.7,3.39,5.18,1.75,3.5,5.5,1565.2,1414.1,151.1,2979.2,0.0507,0,7,8,2,2,0.7778,0.5333,0.2222,0.1333,5,6,6,2,4,7,6,1,0,1,1,0,0,0,0,1,9,2,3,3,-3,0.25,8,1.7,1.0,0.7,0.4,0.5,2.1,1.3,1.0763,0.0618,0.0294,0.0618,0.2346,11.8,10.8,11.1,13.5,1.0,-2.4,1.6,1.3,0,0,1
P1,2025-09-28,15:30:00,Alverca,Guimaraes,2.0,0.0,H,1.0,0.0,H,3.15,3.26,2.2,3.3,3.4,2.28,1399.5,1657.1,-257.7,3056.6,0.0843,1,3,4,5,8,0.3333,0.2667,0.5556,0.5333,-2,-4,2,2,0,8,8,0,0,1,2,0,0,0,0,1,9,1,3,2,-4,0.3333333333333333,6,1.6,1.1,1.2,1.5,1.0,1.2,0.1,1.0788,0.0476,0.0476,0.0364,-0.0409,9.9,12.3,13.3,12.5,-2.4,0.8,-1.6,-0.16,1,0,0
P1,2025-09-28,20:30:00,Famalicao,Rio Ave,0.0,0.0,D,0.0,0.0,D,1.76,3.66,4.29,1.83,3.85,4.5,1622.9,1531.3,91.7,3154.2,0.0291,0,4,8,1,3,0.4444,0.5333,0.1111,0.2,3,5,0,-1,1,7,5,2,0,1,2,0,0,0,0,1,9,4,0,6,4,0.6,10,2.1,1.7,0.5,0.7,1.3,1.9,1.4,1.0745,0.0519,0.0398,0.049,0.1884,11.0,12.3,11.4,15.6,-1.3,-4.2,3.0,1.1,0,1,0
P1,2025-09-28,18:00:00,Sp Braga,Nacional,0.0,1.0,A,0.0,1.0,A,1.42,4.36,6.93,1.48,4.75,7.5,1745.7,1435.3,310.5,3181.0,0.0976,1,2,6,3,4,0.2222,0.4,0.3333,0.2667,-1,2,-2,2,-4,8,8,0,0,2,1,0,0,0,0,1,9,9,0,1,17,1.0,10,2.1,1.7,0.7,1.1,0.7,1.1,1.0,1.0779,0.0894,0.0423,0.0823,0.246,15.7,8.3,11.7,13.1,7.4,-1.4,1.1,-1.6,0,0,1
P1,2025-09-29,20:00:00,Arouca,Porto,0.0,4.0,A,0.0,1.0,A,7.75,4.61,1.37,8.5,4.8,1.4,1557.9,1863.9,-306.0,3421.8,0.0894,1,4,5,9,15,0.4444,0.3333,1.0,1.0,-5,-10,3,3,0,9,10,-1,0,1,1,0,0,0,0,1,9,1,8,1,-22,0.2,10,1.3,1.5,1.4,2.4,1.5,0.6,-1.1,1.0759,0.0968,0.0968,0.0219,0.0845,10.9,13.4,14.9,9.9,-2.5,5.0,-2.7,0.5,0,0,1
P1,2025-10-03,20:15:00,Casa Pia,Estoril,2.0,2.0,D,2.0,1.0,H,2.44,3.22,2.79,2.52,3.35,2.9,1541.2,1531.2,10.0,3072.5,0.0033,0,4,4,3,4,0.4444,0.2667,0.3333,0.2667,1,0,4,2,2,6,6,0,0,2,2,0,0,0,0,1,10,1,3,2,-6,0.0,6,1.3,0.9,1.4,1.0,1.6,1.9,0.3,1.0788,0.0404,0.0328,0.0394,0.2333,8.6,15.1,11.1,12.2,-6.5,-1.1,0.2,0.7,0,1,0
P1,2025-10-04,18:00:00,AVS,Alverca,1.0,3.0,A,1.0,1.0,D,2.86,3.05,2.5,3.05,3.2,2.6,1395.2,1421.1,-25.9,2816.3,0.0092,0,0,1,6,7,0.0,0.0667,0.6667,0.4667,-6,-6,-1,5,-6,7,6,1,0,2,2,0,0,0,0,1,10,0,0,0,0,0.5,0,0.2,0.5,2.0,0.5,0.7,1.9,-0.3,1.0775,0.0664,0.0664,0.04,0.2386,11.2,14.0,9.8,13.0,-2.8,-3.2,0.8,0.22,0,0,1
P1,2025-10-04,15:30:00,Gil Vicente,Estrela,2.0,0.0,H,2.0,0.0,H,1.65,3.54,5.38,1.67,3.75,5.75,1563.9,1451.7,112.2,3015.6,0.0372,0,6,10,4,6,0.6667,0.6667,0.4444,0.4,2,4,2,2,0,8,7,1,0,2,2,0,0,0,0,1,10,1,1,2,2,0.5,4,1.0,0.6,1.1,1.0,0.4,1.1,0.0,1.0744,0.0688,0.0121,0.0688,0.1764,12.9,10.9,10.5,13.0,2.0,-2.5,1.7,-0.5,1,0,0
P1,2025-10-04,20:30:00,Guimaraes,Santa Clara,2.0,1.0,H,0.0,1.0,A,2.4,2.97,3.07,2.5,3.1,3.2,1635.5,1549.9,85.6,3185.3,0.0269,0,4,5,4,8,0.4444,0.3333,0.4444,0.5333,0,-3,3,0,3,6,7,-1,0,2,2,0,0,0,0,1,10,6,2,2,9,0.8,10,1.8,1.4,0.9,1.3,0.7,1.0,0.5,1.0791,0.0438,0.0417,0.0423,0.3239,12.7,12.6,12.0,10.5,0.1,1.5,0.2,-1.4,1,0,0
P1,2025-10-04,15:30:00,Nacional,Moreirense,3.0,2.0,H,1.0,1.0,D,2.34,3.13,3.05,2.4,3.25,3.14,1453.1,1584.6,-131.5,3037.6,0.0433,0,3,6,6,9,0.3333,0.4,0.6667,0.6,-3,-3,0,3,-3,6,7,-1,0,2,2,0,0,0,0,1,10,1,7,2,-8,0.2,10,0.8,1.3,2.1,1.0,1.0,1.7,-0.2,1.0747,0.0383,0.0256,0.0295,0.0148,11.2,13.2,10.0,13.2,-2.0,-3.2,1.8,0.7,1,0,0
P1,2025-10-05,15:30:00,Arouca,Famalicao,1.0,1.0,D,0.0,0.0,D,3.41,3.27,2.07,3.6,3.4,2.1,1550.4,1619.0,-68.6,3169.3,0.0216,0,3,5,2,6,0.3333,0.3333,0.2222,0.4,1,-1,1,-2,3,6,7,-1,0,1,2,0,0,0,0,1,10,4,2,2,4,0.75,8,1.2,1.3,1.6,1.3,1.2,1.3,-0.1,1.0822,0.0557,0.0557,0.0145,0.231,10.7,14.1,12.9,11.6,-3.4,1.3,-3.2,-0.6,0,1,0
P1,2025-10-05,21:15:00,Porto,Benfica,0.0,0.0,D,0.0,0.0,D,2.02,3.38,3.51,2.05,3.55,3.7,1871.4,1899.5,-28.1,3770.9,0.0075,0,9,15,7,11,1.0,1.0,0.7778,0.7333,2,4,3,3,0,6,9,-3,-1,1,2,0,0,0,0,1,10,4,4,2,1,0.4,10,2.3,2.1,0.8,2.8,2.3,0.6,-0.5,1.0758,0.0541,0.0149,0.0541,0.0998,15.3,10.1,14.5,10.6,5.2,3.9,0.9,-0.0,0,1,0
P1,2025-10-05,17:30:00,Rio Ave,Tondela,3.0,0.0,H,2.0,0.0,H,2.3,3.34,2.93,2.38,3.5,3.0,1535.2,1429.4,105.8,2964.6,0.0357,0,2,3,4,5,0.2222,0.2,0.4444,0.3333,-2,-2,1,3,-2,7,8,-1,0,2,2,0,0,0,0,1,10,4,2,4,3,0.4,10,1.1,1.2,1.5,0.7,0.7,2.1,0.4,1.0755,0.0479,0.0348,0.0239,0.3292,11.0,15.9,11.2,13.6,-4.9,-2.4,0.9,-0.9,1,0,0
P1,2025-10-05,19:15:00,Sp Lisbon,Sp Braga,1.0,1.0,D,1.0,0.0,H,1.45,4.4,6.26,1.5,4.75,7.0,1955.6,1727.9,227.7,3683.5,0.0618,1,9,12,1,3,1.0,0.8,0.1111,0.2,8,9,6,-1,7,8,7,1,0,2,1,0,0,0,0,1,10,6,1,3,15,0.6,10,2.3,2.6,0.9,1.4,1.3,0.9,0.9,1.0767,0.1182,0.0345,0.1182,0.2067,17.7,6.8,15.3,8.7,10.9,6.6,0.5,0.4,0,1,0
P1,2025-10-24,20:15:00,Alverca,Gil Vicente,0.0,4.0,A,0.0,2.0,A,3.07,3.04,2.36,3.2,3.2,2.4,1436.3,1571.8,-135.6,3008.1,0.0451,0,6,9,6,12,0.6667,0.6,0.6667,0.8,0,-3,3,0,3,20,20,0,0,0,0,0,0,0,0,1,13,3,1,2,1,0.3333333333333333,6,1.8,1.3,1.2,1.5,1.3,0.8,0.3,1.0784,0.0526,0.0423,0.0169,0.1047,9.8,12.3,14.3,10.8,-2.5,3.5,-2.3,0.32,0,0,1
P1,2025-10-25,20:30:00,Estrela,Rio Ave,1.0,2.0,A,1.0,0.0,H,2.56,3.17,2.69,2.63,3.4,2.85,1443.7,1545.2,-101.4,2988.9,0.0339,0,4,5,5,5,0.4444,0.3333,0.5556,0.3333,-1,0,3,5,-2,21,20,1,0,0,0,0,0,0,0,1,13,1,1,2,-1,0.5,4,0.9,0.8,1.1,0.7,1.2,1.8,0.2,1.0778,0.0726,0.0273,0.0595,0.0925,11.2,12.6,10.4,16.4,-1.4,-6.0,-0.1,-0.3,0,0,1
P1,2025-10-25,18:00:00,Santa Clara,AVS,2.0,0.0,H,0.0,0.0,D,1.51,3.78,6.74,1.55,4.0,7.1,1543.6,1380.0,163.6,2923.7,0.0559,0,3,7,0,0,0.3333,0.4667,0.0,0.0,3,7,-1,0,-1,21,21,0,0,0,0,0,0,0,0,1,13,2,0,0,2,1.0,2,1.4,0.9,0.8,0.7,0.8,2.7,0.7,1.0752,0.0582,0.0265,0.0534,0.1773,12.8,10.2,10.4,13.8,2.6,-3.4,1.3,0.9,1,0,0
P1,2025-10-25,20:30:00,Benfica,Arouca,5.0,0.0,H,3.0,0.0,H,1.16,7.13,14.09,1.18,8.0,15.0,1900.2,1550.8,349.4,3451.1,0.1012,1,5,9,4,5,0.5556,0.6,0.4444,0.3333,1,4,1,3,-2,20,20,0,0,0,0,0,0,0,0,1,13,9,0,1,25,0.8,10,2.2,2.5,0.8,1.3,1.2,1.8,0.9,1.0733,0.122,0.0172,0.0646,0.1147,13.9,10.4,9.9,15.1,3.5,-5.2,1.5,-0.4,1,0,0
P1,2025-10-26,15:30:00,Famalicao,Guimaraes,2.0,0.0,H,1.0,0.0,H,1.92,3.3,3.95,1.98,3.4,4.1,1618.5,1641.7,-23.2,3260.2,0.0071,0,3,6,4,8,0.3333,0.4,0.4444,0.5333,-1,-2,0,0,0,21,22,-1,0,0,0,0,0,0,0,1,13,2,7,1,-6,0.2,10,2.1,1.7,0.5,1.4,1.0,1.4,0.7,1.077,0.038,0.0313,0.038,0.0833,13.4,10.9,13.0,12.3,2.5,0.7,1.6,0.5,1,0,0
P1,2025-10-26,20:30:00,Sp Braga,Casa Pia,4.0,0.0,H,2.0,0.0,H,1.41,4.39,7.27,1.44,4.6,8.0,1734.6,1539.5,195.1,3274.1,0.0596,0,2,3,2,5,0.2222,0.2,0.2222,0.3333,0,-2,1,-1,2,21,23,-2,-1,0,0,0,0,0,0,1,13,3,3,0,1,0.3333333333333333,6,1.8,1.5,0.8,0.9,0.8,1.3,0.9,1.0746,0.1004,0.0213,0.1004,0.1614,14.7,9.5,9.3,14.6,5.2,-5.3,2.2,-1.1,1,0,0
P1,2025-10-26,15:30:00,Estoril,Nacional,1.0,1.0,D,0.0,1.0,A,2.19,3.32,3.12,2.24,3.45,3.35,1533.0,1465.3,67.6,2998.3,0.0226,0,1,4,6,9,0.1111,0.2667,0.6667,0.6,-5,-5,-2,3,-5,23,22,1,0,0,0,0,0,0,0,1,13,4,3,3,0,0.6,10,1.1,1.4,1.3,1.1,0.6,1.1,0.0,1.0783,0.0737,0.0228,0.0737,0.2649,11.1,12.3,11.3,13.1,-1.2,-1.8,-1.4,-0.4,0,1,0
P1,2025-10-26,18:00:00,Tondela,Sp Lisbon,0.0,3.0,A,0.0,1.0,A,9.8,5.67,1.25,10.5,6.0,1.28,1419.4,1948.9,-529.5,3368.3,0.1572,1,4,5,7,10,0.4444,0.3333,0.7778,0.6667,-3,-5,3,4,-1,21,21,0,0,0,0,0,0,0,0,1,13,2,7,1,-12,0.4,10,0.6,1.0,1.6,2.6,2.4,0.6,-2.0,1.0784,0.0714,0.0714,0.024,-0.0283,11.7,13.0,17.4,7.8,-1.3,9.6,-2.6,1.0,0,0,1
P1,2025-10-27,20:15:00,Moreirense,Porto,1.0,2.0,A,1.0,1.0,D,9.13,4.87,1.31,10.0,5.5,1.35,1572.3,1870.7,-298.5,3443.0,0.0867,1,3,6,7,13,0.3333,0.4,0.7778,0.8667,-4,-7,0,1,-1,23,22,1,0,0,0,0,0,0,0,1,13,0,9,1,-27,0.0,10,1.9,1.6,1.1,2.4,1.8,0.6,-0.5,1.0782,0.1294,0.0953,0.0305,0.1101,10.5,13.4,14.6,10.0,-2.9,4.6,-1.5,0.2,0,0,1
P1,2025-10-31,20:15:00,Sp Lisbon,Alverca,2.0,0.0,H,0.0,0.0,D,1.11,8.55,18.81,1.13,9.5,24.0,1951.0,1421.0,530.0,3372.0,0.1572,1,7,13,6,9,0.7778,0.8667,0.6667,0.6,1,4,1,3,-2,5,7,-2,-1,1,1,0,0,0,0,1,14,3,2,1,2,0.3333333333333333,6,2.3,2.5,0.8,0.5,0.8,1.9,1.8,1.071,0.2759,0.018,0.2759,0.1282,19.6,7.3,9.2,12.3,12.3,-3.1,4.2,-0.96,1,0,0
P1,2025-11-01,18:00:00,Casa Pia,Estrela,3.0,5.0,A,1.0,2.0,A,2.04,3.14,3.73,2.1,3.3,4.1,1531.7,1435.2,96.6,2966.9,0.0326,0,1,5,3,4,0.1111,0.3333,0.3333,0.2667,-2,1,-3,2,-5,6,7,-1,0,1,1,0,0,0,1,2,14,2,2,0,-1,0.5,4,1.1,1.0,1.6,0.7,0.3,1.3,0.4,1.0768,0.0992,0.0294,0.0992,0.2676,9.1,14.0,11.7,11.6,-4.9,0.1,-0.1,0.6,0,0,1
P1,2025-11-01,20:30:00,Guimaraes,Benfica,0.0,3.0,A,0.0,0.0,D,6.23,4.38,1.46,6.5,4.75,1.5,1628.7,1904.3,-275.5,3533.0,0.078,1,3,7,7,11,0.3333,0.4667,0.7778,0.7333,-4,-4,-1,3,-4,6,7,-1,0,1,1,0,0,0,1,2,14,0,7,3,-19,0.0,10,2.0,1.6,1.0,2.6,2.2,0.6,-0.6,1.0738,0.0845,0.0433,0.0274,0.085,12.2,13.1,14.2,10.2,-0.9,4.0,-1.2,-0.2,0,0,1
P1,2025-11-01,15:30:00,Nacional,Famalicao,0.0,1.0,A,0.0,1.0,A,3.08,3.33,2.21,3.2,3.55,2.3,1468.7,1631.5,-162.8,3100.2,0.0525,0,7,7,5,6,0.7778,0.4667,0.5556,0.4,2,1,7,4,3,6,6,0,0,1,1,0,0,0,1,2,14,2,1,1,-1,1.0,4,1.0,1.4,2.1,1.1,1.1,1.4,-0.1,1.0775,0.0661,0.039,0.0407,0.0682,11.0,13.1,13.7,10.6,-2.1,3.1,-1.6,1.1,0,0,1
P1,2025-11-01,18:00:00,Rio Ave,Estoril,0.0,4.0,A,0.0,2.0,A,2.4,3.26,2.83,2.5,3.4,3.0,1553.7,1529.6,24.1,3083.4,0.0078,0,7,8,2,5,0.7778,0.5333,0.2222,0.3333,5,3,6,-1,7,7,6,1,0,1,1,0,0,0,1,2,14,4,3,3,4,0.4,10,1.3,1.4,1.4,1.0,1.6,1.9,0.3,1.0768,0.0601,0.0417,0.0601,0.2452,9.9,16.8,11.7,12.3,-6.9,-0.6,0.3,-0.1,0,0,1
P1,2025-11-02,15:30:00,AVS,Tondela,2.0,2.0,D,1.0,1.0,D,3.13,3.18,2.27,3.25,3.3,2.36,1373.7,1417.3,-43.7,2791.0,0.0156,0,0,0,3,4,0.0,0.0,0.3333,0.2667,-3,-4,0,2,-2,8,7,1,0,1,1,0,0,0,1,2,14,0,0,0,0,0.5,0,0.2,0.5,2.1,0.7,0.6,2.2,-0.5,1.0745,0.0396,0.0383,0.0396,0.2405,9.3,14.7,12.1,15.1,-5.4,-3.0,-0.5,-0.3,0,1,0
P1,2025-11-02,18:00:00,Arouca,Moreirense,0.0,2.0,A,0.0,2.0,A,2.52,3.21,2.74,2.62,3.3,2.8,1546.8,1568.4,-21.6,3115.2,0.0069,0,1,4,3,6,0.1111,0.2667,0.3333,0.4,-2,-2,-2,0,-2,8,6,2,0,1,1,0,0,0,1,2,14,3,5,2,0,0.2,10,1.3,1.4,1.5,1.0,1.0,1.7,0.3,1.0733,0.0397,0.0397,0.0219,0.1995,9.6,15.3,10.4,14.3,-5.7,-3.9,-0.4,-0.1,0,0,1
P1,2025-11-02,20:30:00,Porto,Sp Braga,2.0,1.0,H,1.0,0.0,H,1.5,4.09,6.18,1.53,4.25,6.5,1874.6,1742.4,132.3,3617.0,0.0366,0,7,13,4,5,0.7778,0.8667,0.4444,0.3333,3,8,1,3,-2,6,7,-1,0,1,1,0,0,0,1,2,14,6,2,2,8,1.0,10,2.3,2.0,0.7,1.4,1.4,1.0,0.9,1.073,0.0518,0.02,0.0518,0.1408,14.6,9.9,14.1,9.3,4.7,4.8,-0.2,0.6,1,0,0
P1,2025-11-03,20:45:00,Gil Vicente,Santa Clara,1.0,0.0,H,1.0,0.0,H,2.32,3.0,3.23,2.38,3.15,3.4,1587.1,1550.0,37.1,3137.1,0.0118,0,6,12,3,7,0.6667,0.8,0.3333,0.4667,3,5,0,-1,1,10,9,1,0,1,1,0,0,0,1,2,14,2,5,3,-3,0.4,10,1.3,0.8,0.9,1.2,0.8,1.2,0.1,1.074,0.0526,0.0259,0.0526,0.2481,14.0,10.6,13.2,9.7,3.4,3.5,0.1,0.0,1,0,0
P1,2025-11-07,20:15:00,Estoril,Arouca,4.0,3.0,H,2.0,2.0,D,1.99,3.46,3.55,2.05,3.6,3.75,1553.8,1531.6,22.3,3085.4,0.0072,0,5,5,1,4,0.5556,0.3333,0.1111,0.2667,4,1,5,-2,7,6,5,1,0,2,2,0,0,0,1,2,15,4,5,1,3,0.6,10,0.9,1.3,1.3,1.0,1.0,2.2,-0.1,1.0732,0.0563,0.0302,0.0563,0.1615,13.1,11.4,9.3,13.8,1.7,-4.5,0.0,-0.2,1,0,0
P1,2025-11-08,18:00:00,Tondela,Guimaraes,0.0,1.0,A,0.0,0.0,D,2.78,3.08,2.55,2.88,3.2,2.66,1417.5,1621.3,-203.8,3038.7,0.0671,1,1,5,3,4,0.1111,0.3333,0.3333,0.2667,-2,1,-3,2,-5,6,7,-1,0,2,2,0,0,0,1,2,15,3,6,1,-10,0.2,10,0.6,0.9,1.6,1.3,0.9,1.5,-0.7,1.0765,0.0431,0.036,0.0431,-0.0177,12.0,15.2,13.0,13.7,-3.2,-0.7,-0.6,0.8,0,0,1
P1,2025-11-08,20:30:00,Santa Clara,Sp Lisbon,1.0,2.0,A,1.0,1.0,D,7.93,4.35,1.39,9.0,4.7,1.44,1542.4,1951.9,-409.6,3494.3,0.1172,1,3,6,7,13,0.3333,0.4,0.7778,0.8667,-4,-7,0,1,-1,5,8,-3,-1,2,2,0,0,0,1,2,15,2,8,0,-14,0.2,10,1.7,1.1,0.7,2.8,2.5,0.4,-1.1,1.0754,0.1349,0.1349,0.036,0.0068,13.1,9.4,20.5,7.9,3.7,12.6,-2.5,1.0,0,0,1
P1,2025-11-08,15:30:00,Alverca,Rio Ave,1.0,1.0,D,0.0,1.0,A,2.24,3.24,3.11,2.3,3.4,3.2,1420.0,1529.5,-109.5,2949.6,0.0371,0,3,6,6,8,0.3333,0.4,0.6667,0.5333,-3,-2,0,4,-4,8,7,1,0,1,2,0,0,0,1,2,15,2,0,0,2,1.0,2,1.5,1.1,1.5,1.0,1.3,1.7,0.5,1.0766,0.0494,0.0268,0.0289,0.0287,8.8,13.8,9.5,18.1,-5.0,-8.6,-1.1,-0.5,0,1,0
P1,2025-11-09,15:30:00,AVS,Gil Vicente,1.0,1.0,D,0.0,1.0,A,4.66,3.45,1.74,5.0,3.6,1.77,1373.5,1594.8,-221.2,2968.3,0.0745,1,1,1,9,12,0.1111,0.0667,1.0,0.8,-8,-11,1,6,-5,7,6,1,0,1,1,0,0,0,1,2,15,1,1,0,-1,1.0,2,0.2,0.5,2.1,1.8,1.7,0.7,-1.6,1.0792,0.073,0.073,0.0172,0.0963,10.0,13.8,13.8,11.5,-3.8,2.3,-1.3,-1.0,0,1,0
P1,2025-11-09,20:30:00,Benfica,Casa Pia,2.0,2.0,D,1.0,0.0,H,1.16,7.01,14.47,1.18,7.7,16.5,1911.7,1511.9,399.8,3423.6,0.1168,1,7,11,1,2,0.7778,0.7333,0.1111,0.1333,6,9,3,0,3,8,8,0,0,1,2,0,0,0,1,2,15,4,1,1,6,0.6666666666666666,6,2.2,2.7,0.8,0.9,0.8,1.6,1.3,1.0738,0.1403,0.0172,0.1403,0.1345,15.3,9.5,9.6,13.4,5.8,-3.8,1.2,-0.3,0,1,0
P1,2025-11-09,15:30:00,Estrela,Nacional,1.0,1.0,D,0.0,1.0,A,2.71,3.18,2.55,2.8,3.4,2.63,1455.0,1461.8,-6.8,2916.8,0.0023,0,3,7,4,7,0.3333,0.4667,0.4444,0.4667,-1,0,-1,1,-2,8,8,0,0,1,2,0,0,0,1,2,15,2,0,0,3,1.0,2,0.8,0.9,1.3,1.2,0.7,1.1,-0.4,1.0756,0.0692,0.0332,0.0314,0.2469,11.8,11.6,10.7,14.1,0.2,-3.4,-0.8,-0.6,0,1,0
P1,2025-11-09,18:00:00,Famalicao,Porto,0.0,1.0,A,0.0,1.0,A,5.27,3.79,1.6,5.6,4.0,1.65,1638.4,1879.9,-241.5,3518.3,0.0687,1,7,9,7,13,0.7778,0.6,0.7778,0.8667,0,-4,5,1,4,8,7,1,0,2,2,0,0,0,1,2,15,0,8,2,-16,0.0,10,2.1,1.7,0.5,2.4,1.8,0.7,-0.3,1.0786,0.0626,0.0626,0.0312,0.0955,13.9,10.9,14.5,9.8,3.0,4.7,0.8,0.2,0,0,1
P1,2025-11-09,20:30:00,Sp Braga,Moreirense,2.0,1.0,H,1.0,0.0,H,1.38,4.56,7.52,1.4,4.8,8.6,1737.1,1583.6,153.5,3320.7,0.0462,0,4,5,3,6,0.4444,0.3333,0.3333,0.4,1,-1,3,0,3,7,7,0,0,2,2,0,0,0,1,2,15,10,0,0,16,1.0,10,1.8,1.8,0.8,1.3,1.2,1.5,0.5,1.0769,0.1436,0.0145,0.1436,0.1107,13.4,8.9,9.1,14.6,4.5,-5.5,1.9,-1.2,1,0,0
P1,2025-11-28,20:15:00,Guimaraes,AVS,4.0,0.0,H,3.0,0.0,H,1.7,3.5,4.94,1.75,3.6,5.2,1627.1,1378.2,248.9,3005.2,0.0828,1,3,6,2,2,0.3333,0.4,0.2222,0.1333,1,4,0,2,-2,20,19,1,0,0,0,0,0,0,1,2,18,1,1,0,1,1.0,2,1.7,1.5,1.3,0.4,0.7,2.9,1.3,1.0764,0.0526,0.0294,0.0526,0.316,13.1,13.5,10.1,14.1,-0.4,-4.0,1.0,0.1,1,0,0
P1,2025-11-29,15:30:00,Casa Pia,Alverca,0.0,2.0,A,0.0,0.0,D,2.46,3.01,2.97,2.55,3.1,3.05,1520.5,1421.8,98.7,2942.3,0.0335,0,1,2,1,7,0.1111,0.1333,0.1111,0.4667,0,-5,0,-5,5,20,21,-1,0,0,0,0,0,0,1,2,18,0,0,0,0,0.5,0,0.8,1.2,2.1,0.4,0.8,2.1,0.4,1.0754,0.0366,0.0366,0.0269,0.3473,9.6,12.6,9.6,13.9,-3.0,-4.3,1.2,-0.1,0,0,1
P1,2025-11-29,20:30:00,Gil Vicente,Tondela,0.0,1.0,A,0.0,1.0,A,1.61,3.65,5.57,1.65,3.8,6.0,1590.1,1411.7,178.5,3001.8,0.0595,0,7,10,1,4,0.7778,0.6667,0.1111,0.2667,6,6,4,-2,6,20,21,-1,0,0,0,0,0,0,1,2,18,3,1,2,6,0.6666666666666666,6,1.6,0.9,0.8,0.8,0.8,2.0,0.8,1.0746,0.0772,0.0248,0.0772,0.229,13.8,11.6,12.8,15.5,2.2,-2.7,0.9,-0.2,0,0,1
P1,2025-11-29,15:30:00,Moreirense,Famalicao,2.0,2.0,D,0.0,1.0,A,3.4,3.24,2.11,3.6,3.35,2.16,1578.8,1633.4,-54.6,3212.2,0.017,0,3,6,6,8,0.3333,0.4,0.6667,0.5333,-3,-2,0,4,-4,20,20,0,0,0,0,0,0,0,1,2,18,3,2,5,-1,0.4,10,1.8,1.6,1.2,1.4,1.1,1.2,0.4,1.0767,0.0588,0.0588,0.0237,0.2489,9.2,15.0,14.1,12.0,-5.8,2.1,-3.1,-0.3,0,1,0
P1,2025-11-29,18:00:00,Nacional,Benfica,1.0,2.0,A,0.0,0.0,D,8.03,4.84,1.34,9.0,5.25,1.37,1463.0,1903.1,-440.2,3366.1,0.1308,1,2,8,7,11,0.2222,0.5333,0.7778,0.7333,-5,-3,-4,3,-7,20,20,0,0,0,0,0,0,0,1,2,18,0,9,1,-32,0.0,10,0.7,1.2,2.1,2.6,2.2,0.4,-1.9,1.0774,0.1208,0.1208,0.0224,-0.0094,10.9,14.3,15.8,8.7,-3.4,7.1,-1.6,0.9,0,0,1
P1,2025-11-30,18:00:00,Sp Lisbon,Estrela,4.0,0.0,H,3.0,0.0,H,1.1,8.68,19.69,1.12,9.5,21.0,1954.2,1453.9,500.3,3408.0,0.1468,1,9,13,4,7,1.0,0.8667,0.4444,0.4667,5,6,5,1,4,22,21,1,0,0,0,0,0,0,1,2,18,4,0,0,9,1.0,4,2.3,2.4,0.7,0.9,0.7,1.5,1.4,1.0751,0.0945,0.0182,0.0665,0.1182,19.9,7.7,12.3,12.5,12.2,-0.2,3.8,-0.9,1,0,0
P1,2025-11-30,15:30:00,Rio Ave,Santa Clara,1.0,1.0,D,1.0,1.0,D,2.94,3.05,2.44,3.05,3.2,2.54,1527.8,1540.2,-12.4,3067.9,0.004,0,4,8,3,3,0.4444,0.5333,0.3333,0.2,1,5,0,3,-3,22,22,0,0,0,0,0,0,0,1,2,18,4,4,2,2,0.2,10,1.0,1.2,1.7,1.2,0.8,1.2,-0.2,1.0778,0.0492,0.0374,0.041,0.2666,8.6,18.3,12.8,10.9,-9.7,1.9,-1.6,-0.5,0,1,0
P1,2025-11-30,20:30:00,Porto,Estoril,1.0,0.0,H,1.0,0.0,H,1.24,5.64,10.72,1.28,6.0,12.0,1884.8,1561.8,323.0,3446.7,0.0937,1,9,13,7,8,1.0,0.8667,0.7778,0.5333,2,5,5,6,-1,21,23,-2,-1,0,0,0,0,0,1,2,18,7,2,1,13,0.8,10,2.5,2.1,0.7,1.3,1.9,1.6,1.2,1.077,0.1194,0.0323,0.1194,0.1569,14.7,9.6,14.2,11.5,5.1,2.7,1.0,0.3,1,0,0
P1,2025-12-01,20:15:00,Arouca,Sp Braga,0.0,4.0,A,0.0,3.0,A,5.89,4.06,1.51,6.5,4.33,1.58,1523.6,1741.9,-218.3,3265.5,0.0669,1,0,1,6,7,0.0,0.0667,0.6667,0.4667,-6,-6,-1,5,-6,24,22,2,0,0,0,0,0,0,1,2,18,1,8,1,-17,0.0,10,1.2,1.3,1.6,1.4,1.4,1.0,-0.2,1.0783,0.1036,0.1036,0.0464,0.1412,9.4,14.2,13.7,9.3,-4.8,4.4,-2.0,1.1,0,0,1
P1,2025-12-05,20:15:00,Benfica,Sp Lisbon,1.0,1.0,D,1.0,1.0,D,2.68,3.11,2.62,2.8,3.25,2.71,1905.0,1955.8,-50.8,3860.8,0.0132,0,7,11,9,13,0.7778,0.7333,1.0,0.8667,-2,-2,3,5,-2,6,5,1,0,1,1,0,0,0,1,2,19,3,4,3,-1,0.4,10,2.0,2.6,1.0,2.8,2.4,0.4,-0.8,1.0764,0.045,0.0448,0.0344,0.1809,16.8,8.4,19.9,7.5,8.4,12.4,-2.1,0.5,0,1,0
P1,2025-12-06,18:00:00,AVS,Rio Ave,1.0,2.0,A,0.0,1.0,A,2.93,3.19,2.37,3.05,3.3,2.5,1372.0,1526.8,-154.8,2898.8,0.0534,0,2,2,2,8,0.2222,0.1333,0.2222,0.5333,0,-6,2,-4,6,8,6,2,0,1,1,0,0,0,1,2,19,1,0,1,1,1.0,2,0.3,0.6,2.1,1.1,1.4,1.7,-0.8,1.0767,0.0549,0.041,0.0549,0.0633,10.0,14.2,8.0,17.8,-4.2,-9.8,0.5,-1.2,0,0,1
P1,2025-12-06,20:30:00,Famalicao,Sp Braga,1.0,2.0,A,1.0,1.0,D,3.28,3.34,2.11,3.45,3.6,2.2,1633.2,1752.7,-119.5,3385.8,0.0353,0,4,8,6,10,0.4444,0.5333,0.6667,0.6667,-2,-2,0,2,-2,7,5,2,0,1,1,0,0,0,1,2,19,2,4,4,-6,0.2,10,1.8,1.6,0.6,1.4,1.7,1.0,0.4,1.0782,0.0778,0.0518,0.0427,0.1465,14.4,11.6,14.3,8.4,2.8,5.9,0.5,1.7,0,0,1
P1,2025-12-06,15:30:00,Santa Clara,Casa Pia,1.0,0.0,H,1.0,0.0,H,1.88,3.11,4.53,1.92,3.2,5.0,1541.1,1500.7,40.4,3041.8,0.0133,0,1,4,1,2,0.1111,0.2667,0.1111,0.1333,0,2,-2,0,-2,6,7,-1,0,1,1,0,0,0,1,2,19,2,1,1,2,0.5,4,1.6,1.1,0.8,1.0,0.9,1.5,0.6,1.0742,0.1038,0.0213,0.1038,0.1586,12.5,11.2,9.1,12.6,1.3,-3.5,0.4,0.6,1,0,0
P1,2025-12-07,18:00:00,Alverca,Nacional,1.0,0.0,H,0.0,0.0,D,2.16,3.15,3.38,2.25,3.2,3.6,1441.6,1461.1,-19.5,2902.7,0.0067,0,4,7,1,5,0.4444,0.4667,0.1111,0.3333,3,2,1,-3,4,8,8,0,0,1,1,0,0,0,1,2,19,1,1,0,-2,1.0,2,1.3,0.9,1.6,1.3,0.8,0.9,0.0,1.0763,0.0651,0.0417,0.0651,0.142,9.4,13.2,10.2,15.4,-3.8,-5.2,-0.3,-0.3,1,0,0
P1,2025-12-07,15:30:00,Estoril,Moreirense,3.0,3.0,D,1.0,1.0,D,2.01,3.33,3.59,2.05,3.45,3.75,1559.7,1579.1,-19.4,3138.8,0.0062,0,6,8,4,4,0.6667,0.5333,0.4444,0.2667,2,4,4,4,0,7,8,-1,0,1,1,0,0,0,1,2,19,3,4,3,-2,0.4,10,1.1,1.5,1.4,1.2,1.2,1.6,-0.1,1.0764,0.0446,0.0199,0.0446,0.1101,14.2,11.1,9.7,15.5,3.1,-5.8,0.7,-0.3,0,1,0
P1,2025-12-07,18:00:00,Estrela,Arouca,3.0,1.0,H,2.0,0.0,H,2.19,3.21,3.24,2.28,3.3,3.5,1452.2,1512.8,-60.6,2965.0,0.0204,0,4,4,0,1,0.4444,0.2667,0.0,0.0667,4,3,4,-1,5,7,6,1,0,1,1,0,0,0,1,2,19,1,2,1,-3,0.5,4,0.8,0.9,1.3,0.9,1.1,2.4,-0.1,1.0768,0.0802,0.0411,0.0802,0.0895,11.3,13.0,9.0,14.1,-1.7,-5.1,-0.2,-0.7,1,0,0
P1,2025-12-07,20:30:00,Tondela,Porto,0.0,2.0,A,0.0,0.0,D,10.66,5.26,1.26,12.0,5.75,1.3,1427.3,1887.0,-459.6,3314.3,0.1387,1,4,4,9,13,0.4444,0.2667,1.0,0.8667,-5,-9,4,5,-1,8,7,1,0,1,1,0,0,0,1,2,19,0,10,0,-20,0.0,10,0.6,0.9,1.6,2.7,1.9,0.6,-2.1,1.0776,0.1257,0.1257,0.0317,0.0089,11.8,15.6,14.4,9.3,-3.8,5.1,-1.5,0.5,0,0,1
P1,2025-12-08,20:30:00,Guimaraes,Gil Vicente,0.0,0.0,D,0.0,0.0,D,2.74,2.95,2.68,2.8,3.1,2.75,1633.2,1574.4,58.8,3207.7,0.0183,0,6,9,4,10,0.6667,0.6,0.4444,0.6667,2,-1,3,-2,5,10,9,1,0,1,1,0,0,0,1,2,19,6,4,0,8,0.8,10,1.7,1.7,1.3,1.8,1.7,0.7,-0.1,1.0771,0.0508,0.0219,0.0261,0.3384,12.6,13.3,13.9,10.6,-0.7,3.3,-1.3,-1.1,0,1,0
P1,2025-12-13,20:30:00,Sp Lisbon,AVS,6.0,0.0,H,3.0,0.0,H,1.07,9.83,23.38,1.09,12.0,29.0,1955.6,1365.1,590.6,3320.7,0.1778,1,7,13,1,2,0.7778,0.8667,0.1111,0.1333,6,11,1,0,1,8,7,1,0,2,1,0,0,0,1,2,20,1,0,1,3,1.0,2,2.3,2.5,0.6,0.4,0.7,3.1,1.9,1.0791,0.2404,0.0187,0.2404,0.1121,17.7,8.2,10.5,13.8,9.5,-3.3,2.9,0.1,1,0,0
P1,2025-12-13,15:30:00,Casa Pia,Gil Vicente,1.0,1.0,D,0.0,1.0,A,3.6,3.01,2.13,3.8,3.2,2.2,1493.1,1577.4,-84.3,3070.4,0.0275,0,1,1,2,8,0.1111,0.0667,0.2222,0.5333,-1,-7,1,-4,5,7,5,2,0,2,2,0,0,0,1,2,20,1,3,2,-4,0.3333333333333333,6,0.8,1.1,2.0,1.6,1.4,0.6,-0.8,1.0795,0.0631,0.0556,0.0329,0.2221,8.9,11.7,12.5,10.5,-2.8,2.0,-0.4,-0.2,0,1,0
P1,2025-12-13,18:00:00,Rio Ave,Guimaraes,0.0,1.0,A,0.0,1.0,A,2.67,3.23,2.55,2.78,3.4,2.62,1533.8,1630.3,-96.6,3164.1,0.0305,0,5,8,7,7,0.5556,0.5333,0.7778,0.4667,-2,1,2,7,-5,7,5,2,0,2,1,0,0,0,1,2,20,3,3,4,-1,0.2,10,1.1,1.1,1.5,1.3,0.8,1.4,-0.2,1.0763,0.0526,0.0412,0.0275,0.1139,9.2,16.7,12.5,12.9,-7.5,-0.4,-0.7,1.3,0,0,1
P1,2025-12-14,20:30:00,Arouca,Alverca,1.0,0.0,H,0.0,0.0,D,2.79,3.17,2.48,2.88,3.3,2.58,1498.0,1450.9,47.1,2948.8,0.016,0,0,0,7,7,0.0,0.0,0.7778,0.4667,-7,-7,0,7,-7,7,7,0,0,2,1,0,0,0,1,2,20,0,0,0,0,0.5,0,1.2,1.2,1.8,0.7,1.0,1.9,0.5,1.0771,0.041,0.0323,0.0403,0.3297,8.5,15.0,9.8,13.0,-6.5,-3.2,0.2,1.6,1,0,0
P1,2025-12-14,15:30:00,Famalicao,Estoril,4.0,0.0,H,2.0,0.0,H,1.8,3.58,4.13,1.88,3.75,4.4,1625.3,1559.0,66.3,3184.3,0.0208,0,1,7,4,8,0.1111,0.4667,0.4444,0.5333,-3,-1,-5,0,-5,8,7,1,0,1,2,0,0,0,1,2,20,3,3,2,2,0.75,8,1.5,1.3,0.7,1.2,1.8,1.6,0.3,1.077,0.0654,0.0444,0.0654,0.1709,14.1,11.7,13.0,10.5,2.4,2.5,2.0,0.8,1,0,0
P1,2025-12-14,18:00:00,Moreirense,Benfica,0.0,4.0,A,0.0,1.0,A,8.64,4.62,1.34,9.75,5.0,1.38,1579.8,1905.2,-325.4,3485.0,0.0934,1,2,5,5,11,0.2222,0.3333,0.5556,0.7333,-3,-6,-1,-1,0,7,9,-2,-1,1,1,0,0,0,1,2,20,0,5,5,-8,0.0,10,1.6,1.7,1.4,2.6,2.1,0.5,-1.0,1.0785,0.1285,0.1285,0.0299,0.0796,9.5,15.3,17.2,7.8,-5.8,9.4,-1.3,0.5,0,0,1
P1,2025-12-15,17:30:00,Nacional,Tondela,3.0,1.0,H,0.0,0.0,D,2.27,3.15,3.11,2.33,3.3,3.2,1451.8,1425.0,26.8,2876.8,0.0093,0,1,2,3,4,0.1111,0.1333,0.3333,0.2667,-2,-2,0,2,-2,8,8,0,0,1,1,0,0,0,1,2,20,4,3,1,2,1.0,8,0.4,1.0,2.2,0.8,0.6,1.9,-0.4,1.0795,0.0476,0.0264,0.0289,0.2278,11.6,13.7,12.0,14.6,-2.1,-2.6,-0.5,-0.2,1,0,0
P1,2025-12-15,20:45:00,Porto,Estrela,3.0,1.0,H,1.0,0.0,H,1.18,6.24,14.34,1.2,7.0,18.0,1889.4,1467.0,422.4,3356.3,0.1258,1,9,15,4,7,1.0,1.0,0.4444,0.4667,5,8,3,1,2,8,8,0,0,1,1,0,0,0,1,2,20,3,1,0,3,1.0,4,2.5,2.0,0.7,0.9,0.7,1.7,1.6,1.0774,0.2552,0.0169,0.2552,0.158,13.5,9.7,11.8,13.3,3.8,-1.5,1.9,0.2,1,0,0
P1,2025-12-15,18:45:00,Sp Braga,Santa Clara,1.0,0.0,H,1.0,0.0,H,1.49,3.88,6.74,1.53,4.1,7.5,1760.5,1548.7,211.8,3309.3,0.064,1,9,12,4,7,1.0,0.8,0.4444,0.4667,5,5,6,1,5,9,9,0,0,2,1,0,0,0,1,2,20,5,2,3,9,0.4,10,1.8,1.9,0.9,1.0,0.8,1.3,0.8,1.0772,0.1128,0.0268,0.1128,0.2121,14.3,8.8,12.3,11.4,5.5,0.9,0.8,-1.8,1,0,0
P1,2025-12-19,20:15:00,Estoril,Sp Braga,1.0,0.0,H,1.0,0.0,H,5.34,3.92,1.57,5.75,4.0,1.61,1545.2,1764.2,-219.0,3309.4,0.0662,1,1,7,9,12,0.1111,0.4667,1.0,0.8,-8,-5,-5,6,-11,5,4,1,0,2,2,0,0,0,1,2,21,0,8,2,-24,0.0,10,1.2,1.7,1.5,1.6,1.8,1.0,-0.4,1.0793,0.0768,0.0768,0.0255,0.1243,12.5,10.9,12.9,8.8,1.6,4.1,-0.6,0.4,1,0,0
P1,2025-12-20,18:00:00,Gil Vicente,Rio Ave,2.0,2.0,D,1.0,1.0,D,1.71,3.53,4.8,1.75,3.65,5.1,1576.2,1525.2,51.0,3101.5,0.0165,0,2,6,4,5,0.2222,0.4,0.4444,0.3333,-2,1,-2,3,-5,7,7,0,0,2,2,0,0,0,1,2,21,3,3,4,0,0.4,10,1.6,0.9,0.6,1.4,1.5,1.6,0.2,1.0764,0.0625,0.0234,0.0625,0.1242,12.4,9.8,8.5,16.8,2.6,-8.3,1.5,-0.6,0,1,0
P1,2025-12-20,20:30:00,Estrela,Moreirense,0.0,0.0,D,0.0,0.0,D,2.4,3.11,2.94,2.5,3.25,3.15,1465.2,1573.1,-107.9,3038.3,0.0355,0,3,7,2,5,0.3333,0.4667,0.2222,0.3333,1,2,-1,-1,0,5,6,-1,0,2,2,0,0,0,1,2,21,1,1,2,0,0.5,4,1.1,1.2,1.1,1.0,1.4,1.9,0.1,1.0783,0.0714,0.0417,0.0714,0.0593,12.1,14.0,9.5,15.1,-1.9,-5.6,-1.0,-0.2,0,1,0
P1,2025-12-21,18:00:00,Tondela,Casa Pia,1.0,2.0,A,0.0,0.0,D,2.16,3.15,3.38,2.24,3.25,3.6,1413.7,1494.2,-80.4,2907.9,0.0277,0,3,4,1,2,0.3333,0.2667,0.1111,0.1333,2,2,2,0,2,6,8,-2,-1,2,1,0,0,0,1,2,21,0,0,0,0,0.5,0,0.5,0.8,1.7,0.9,0.9,1.6,-0.4,1.0763,0.0651,0.037,0.0651,0.0548,12.7,13.3,8.3,11.9,-0.6,-3.6,-0.2,0.6,0,0,1
P1,2025-12-21,20:30:00,Santa Clara,Arouca,0.0,0.0,D,0.0,0.0,D,1.79,3.29,4.64,1.86,3.45,4.9,1545.0,1505.4,39.7,3050.4,0.013,0,4,4,3,3,0.4444,0.2667,0.3333,0.2,1,1,4,3,1,6,7,-1,0,1,2,0,0,0,1,2,21,2,3,1,0,0.6666666666666666,6,1.6,1.1,0.8,0.6,1.1,2.7,1.0,1.0781,0.056,0.0391,0.056,0.1346,11.2,10.5,9.4,14.3,0.7,-4.9,0.1,0.2,0,1,0
P1,2025-12-21,15:30:00,AVS,Nacional,2.0,2.0,D,2.0,0.0,H,3.11,3.19,2.25,3.3,3.4,2.4,1363.9,1463.0,-99.2,2826.9,0.0351,0,0,2,3,4,0.0,0.1333,0.3333,0.2667,-3,-2,-2,2,-4,8,6,2,0,1,2,0,0,0,1,2,21,0,1,1,-2,0.0,2,0.3,0.7,2.0,1.3,0.8,0.9,-1.0,1.0795,0.0667,0.0611,0.0667,0.1602,9.9,15.1,11.5,14.9,-5.2,-3.4,-0.4,-0.9,0,1,0
P1,2025-12-22,18:45:00,Alverca,Porto,0.0,3.0,A,0.0,1.0,A,8.72,4.6,1.34,10.25,5.0,1.37,1443.5,1891.1,-447.7,3334.6,0.1343,1,6,7,9,15,0.6667,0.4667,1.0,1.0,-3,-8,5,3,2,8,7,1,0,1,1,0,0,0,1,2,21,0,5,1,-11,0.0,6,1.6,0.9,1.2,2.7,1.9,0.5,-1.1,1.0783,0.1755,0.1755,0.0224,-0.0043,9.2,14.2,14.1,8.3,-5.0,5.8,-2.0,0.6,0,0,1
P1,2025-12-22,20:45:00,Benfica,Famalicao,1.0,0.0,H,1.0,0.0,H,1.33,4.74,8.55,1.36,5.0,9.5,1911.9,1639.1,272.8,3551.0,0.0768,1,7,11,4,7,0.7778,0.7333,0.4444,0.4667,3,4,3,1,2,8,8,0,0,1,1,0,0,0,1,2,21,7,2,1,15,0.8,10,1.8,2.4,0.9,1.5,1.2,1.1,0.3,1.0798,0.1111,0.0226,0.1111,0.1816,16.3,7.9,15.0,11.4,8.4,3.6,-0.4,-0.8,1,0,0
P1,2025-12-23,20:45:00,Guimaraes,Sp Lisbon,1.0,4.0,A,0.0,2.0,A,7.34,4.41,1.39,8.2,4.6,1.44,1638.9,1956.9,-318.0,3595.7,0.0884,1,7,10,7,13,0.7778,0.6667,0.7778,0.8667,0,-3,4,1,3,10,10,0,0,1,1,1,0,0,1,2,21,1,8,1,-17,0.2,10,1.5,1.5,1.3,2.6,2.2,0.5,-1.1,1.0824,0.1172,0.1172,0.036,0.0676,12.9,12.8,18.1,7.5,0.1,10.6,-1.6,-0.2,0,0,1
P1,2025-12-27,20:30:00,Estoril,Alverca,4.0,1.0,H,2.0,0.0,H,2.17,3.3,3.21,2.25,3.4,3.4,1559.8,1440.3,119.5,3000.1,0.0398,0,4,7,3,7,0.4444,0.4667,0.3333,0.4667,1,0,1,-1,2,8,5,3,1,2,2,0,0,0,1,2,22,0,0,0,0,0.5,0,1.5,1.8,1.3,0.7,1.0,1.8,0.8,1.0754,0.0592,0.0369,0.0592,0.32,12.3,10.9,8.8,14.2,1.4,-5.4,2.4,-0.4,1,0,0
P1,2025-12-27,18:00:00,Famalicao,Estrela,2.0,3.0,A,2.0,2.0,D,1.56,3.81,5.61,1.6,4.0,6.0,1636.4,1466.9,169.4,3103.3,0.0546,0,3,4,4,5,0.3333,0.2667,0.4444,0.3333,-1,-1,2,3,-1,5,7,-2,-1,2,2,0,0,0,1,2,22,1,1,2,2,0.0,4,1.5,1.4,0.7,0.6,0.7,2.0,0.9,1.0817,0.0695,0.0256,0.0695,0.2061,14.5,11.4,12.4,14.2,3.1,-1.8,2.3,0.1,0,0,1
P1,2025-12-28,15:30:00,Arouca,Gil Vicente,2.0,2.0,D,2.0,1.0,H,3.87,3.25,1.95,4.25,3.4,2.0,1507.8,1573.5,-65.6,3081.3,0.0213,0,4,4,3,4,0.4444,0.2667,0.3333,0.2667,1,0,4,2,2,7,8,-1,0,2,1,0,0,0,1,2,22,4,0,6,7,0.8,10,1.2,1.2,1.8,1.4,1.2,0.7,-0.2,1.0789,0.0982,0.0982,0.0256,0.2668,9.4,14.3,13.5,9.0,-4.9,4.5,-2.3,0.4,0,1,0
P1,2025-12-28,15:30:00,Casa Pia,Guimaraes,0.0,0.0,D,0.0,0.0,D,3.19,3.01,2.3,3.33,3.1,2.38,1503.3,1632.8,-129.6,3136.1,0.0413,0,4,5,4,10,0.4444,0.3333,0.4444,0.6667,0,-5,3,-2,5,7,5,2,0,1,1,0,0,0,1,2,22,2,1,3,2,0.0,6,0.6,1.0,2.0,1.5,0.7,1.2,-0.9,1.0805,0.0439,0.0439,0.0348,0.125,8.6,12.2,13.2,13.4,-3.6,-0.2,-0.4,0.3,0,1,0
P1,2025-12-28,18:00:00,Sp Braga,Benfica,2.0,2.0,D,2.0,1.0,H,3.35,3.24,2.12,3.5,3.4,2.16,1749.6,1914.6,-165.0,3664.2,0.045,0,6,12,7,11,0.6667,0.8,0.7778,0.7333,-1,1,0,3,-3,9,6,3,1,2,2,0,0,0,1,2,22,4,5,1,-5,0.4,10,1.8,1.8,0.8,2.6,2.1,0.4,-0.8,1.0788,0.0494,0.0448,0.0189,0.0899,13.0,8.9,15.3,7.5,4.1,7.8,-0.5,-0.2,0,1,0
P1,2025-12-28,20:30:00,Sp Lisbon,Rio Ave,4.0,0.0,H,1.0,0.0,H,1.14,7.56,14.63,1.18,8.5,18.5,1962.9,1528.0,434.9,3490.9,0.1246,1,7,13,4,6,0.7778,0.8667,0.4444,0.4,3,7,1,2,-1,5,8,-3,-1,1,1,0,0,0,1,2,22,6,1,3,12,0.6,10,2.5,3.0,0.5,1.2,1.5,1.8,1.3,1.0778,0.2645,0.0351,0.2645,0.1343,18.8,8.3,8.1,17.2,10.5,-9.1,2.6,-2.0,1,0,0
P1,2025-12-29,20:15:00,Porto,AVS,2.0,0.0,H,0.0,0.0,D,1.12,7.87,17.82,1.14,9.0,24.0,1894.3,1365.3,529.0,3259.6,0.1623,1,9,15,1,2,1.0,1.0,0.1111,0.1333,8,13,3,0,3,7,8,-1,0,2,1,0,0,0,1,2,22,2,0,0,7,1.0,2,2.8,2.2,0.4,0.4,0.6,3.3,2.4,1.076,0.3468,0.0179,0.3468,0.1394,14.4,8.6,10.3,15.5,5.8,-5.2,1.4,-0.6,1,0,0
P1,2026-01-02,20:45:00,Guimaraes,Nacional,2.0,1.0,H,0.0,0.0,D,1.85,3.38,4.17,1.91,3.5,4.5,1630.5,1461.6,168.9,3092.0,0.0546,0,4,8,4,5,0.4444,0.5333,0.4444,0.3333,0,3,0,3,-3,5,12,-7,-2,2,1,0,0,0,1,2,23,4,4,2,1,0.4,10,1.5,1.6,1.4,1.1,0.9,1.1,0.4,1.0762,0.0791,0.0324,0.0791,0.296,13.4,12.2,12.9,15.4,1.2,-2.5,1.9,-0.4,1,0,0
P1,2026-01-02,18:45:00,Gil Vicente,Sp Lisbon,1.0,1.0,D,0.0,1.0,A,7.03,4.25,1.43,7.8,4.5,1.48,1572.9,1965.2,-392.3,3538.2,0.1109,1,3,4,9,13,0.3333,0.2667,1.0,0.8667,-6,-9,2,5,-3,5,5,0,0,2,2,0,0,0,1,2,23,0,8,2,-18,0.0,10,1.7,1.1,0.7,2.6,2.5,0.6,-0.9,1.0768,0.1095,0.1095,0.035,0.0031,13.6,9.2,18.6,8.4,4.4,10.2,-0.5,0.9,0,1,0
P1,2026-01-03,20:30:00,AVS,Moreirense,0.0,2.0,A,0.0,1.0,A,3.29,3.12,2.2,3.45,3.3,2.28,1364.3,1571.4,-207.1,2935.7,0.0705,1,1,1,2,3,0.1111,0.0667,0.2222,0.2,-1,-2,1,1,0,5,14,-9,-2,2,1,0,0,0,1,2,23,0,1,1,-3,0.0,2,0.3,0.8,2.1,1.1,1.3,1.6,-0.8,1.079,0.0577,0.0486,0.0364,0.0307,10.2,15.4,9.6,14.9,-5.2,-5.3,-1.0,-0.2,0,0,1
P1,2026-01-03,18:00:00,Benfica,Estoril,3.0,1.0,H,2.0,1.0,H,1.22,5.89,11.31,1.25,6.5,13.5,1911.3,1569.4,342.0,3480.7,0.0982,1,7,11,6,7,0.7778,0.7333,0.6667,0.4667,1,4,3,5,-2,6,7,-1,0,2,1,0,0,0,1,2,23,9,0,1,16,1.0,10,2.0,2.3,0.7,0.9,1.5,2.0,1.1,1.0779,0.1936,0.0246,0.1936,0.1542,14.8,8.2,12.5,10.5,6.6,2.0,-0.6,-0.3,1,0,0
P1,2026-01-03,18:00:00,Estrela,Sp Braga,3.0,3.0,D,1.0,1.0,D,6.55,4.13,1.47,7.0,4.4,1.5,1482.5,1752.9,-270.5,3235.4,0.0836,1,4,7,4,10,0.4444,0.4667,0.4444,0.6667,0,-3,1,-2,3,7,6,1,0,2,1,0,0,0,1,2,23,0,3,1,-6,0.0,4,1.2,1.2,1.0,1.3,1.6,1.1,-0.1,1.0751,0.0687,0.0687,0.0204,0.0978,12.2,14.7,12.4,9.2,-2.5,3.2,-1.5,0.6,0,1,0
P1,2026-01-03,15:30:00,Tondela,Arouca,3.0,1.0,H,2.0,1.0,H,2.11,3.25,3.37,2.18,3.4,3.55,1404.7,1508.4,-103.7,2913.1,0.0356,0,0,3,5,5,0.0,0.2,0.5556,0.3333,-5,-2,-3,5,-8,13,6,7,2,1,2,0,0,0,1,2,23,1,3,2,-3,0.0,6,0.4,0.7,1.7,0.7,1.0,2.5,-0.3,1.0784,0.0534,0.0332,0.0534,0.0121,12.4,13.3,9.3,14.5,-0.9,-5.2,1.0,0.0,1,0,0
P1,2026-01-04,20:30:00,Alverca,Famalicao,1.0,0.0,H,0.0,0.0,D,3.6,3.25,2.02,3.8,3.4,2.08,1430.7,1620.8,-190.1,3051.5,0.0623,0,0,6,3,4,0.0,0.4,0.3333,0.2667,-3,2,-6,2,-8,8,8,0,0,2,2,0,0,0,1,2,23,0,0,0,0,0.5,0,1.6,0.9,1.4,1.2,1.0,1.1,0.4,1.0805,0.0556,0.0556,0.0297,0.0766,9.7,13.7,15.6,11.0,-4.0,4.6,-2.3,-0.2,1,0,0
P1,2026-01-04,15:30:00,Rio Ave,Casa Pia,3.0,1.0,H,0.0,0.0,D,2.29,3.1,3.14,2.38,3.3,3.4,1525.7,1505.6,20.1,3031.3,0.0066,0,1,5,5,5,0.1111,0.3333,0.5556,0.3333,-4,0,-3,5,-8,7,7,0,0,1,2,0,0,0,1,2,23,1,2,3,-1,0.3333333333333333,6,1.1,1.1,1.4,1.1,1.0,1.6,0.0,1.0777,0.0828,0.0393,0.0828,0.2216,8.2,17.6,8.1,12.4,-9.4,-4.3,-0.3,1.2,1,0,0
P1,2026-01-04,18:00:00,Santa Clara,Porto,0.0,1.0,A,0.0,0.0,D,7.43,3.91,1.45,8.1,4.2,1.49,1542.6,1895.3,-352.7,3437.9,0.1026,1,4,5,9,15,0.4444,0.3333,1.0,1.0,-5,-10,3,3,0,14,6,8,2,1,2,0,0,0,1,2,23,0,8,2,-15,0.0,10,1.7,1.1,0.7,2.7,2.1,0.5,-1.0,1.08,0.0902,0.0902,0.0276,0.0396,11.2,9.4,14.3,8.6,1.8,5.7,-0.7,1.9,0,0,1
P1,2026-01-11,18:00:00,Moreirense,Tondela,1.0,0.0,H,0.0,0.0,D,2.09,3.21,3.49,2.16,3.33,3.9,1579.5,1421.0,158.4,3000.5,0.0528,0,4,6,3,6,0.4444,0.4,0.3333,0.4,1,0,2,0,2,8,8,0,0,1,1,0,0,0,1,2,24,3,5,2,-3,0.4,10,1.5,1.5,1.6,0.8,0.7,2.0,0.7,1.0765,0.1175,0.0335,0.1175,0.3439,10.4,13.3,11.2,13.6,-2.9,-2.4,-0.1,-0.6,1,0,0
P1,2026-01-11,15:30:00,Nacional,Santa Clara,3.0,3.0,D,2.0,2.0,D,2.75,2.95,2.65,2.9,3.1,2.78,1457.1,1539.6,-82.5,2996.7,0.0275,0,4,4,1,5,0.4444,0.2667,0.1111,0.3333,3,-1,4,-3,7,9,7,2,0,1,1,0,0,0,1,2,24,2,5,0,-9,0.3333333333333333,7,0.7,1.3,2.2,1.0,0.8,1.2,-0.3,1.08,0.0545,0.0545,0.0491,0.1453,12.8,15.3,11.0,9.9,-2.5,1.1,-0.2,-0.6,0,1,0
P1,2026-01-16,20:15:00,Sp Lisbon,Casa Pia,3.0,0.0,H,2.0,0.0,H,1.19,6.44,12.88,1.22,7.0,14.0,1957.7,1494.3,463.4,3451.9,0.1342,1,7,11,4,5,0.7778,0.7333,0.4444,0.3333,3,6,3,3,0,14,12,2,0,1,1,0,0,0,1,2,25,7,0,0,18,1.0,7,2.5,3.1,0.4,1.0,1.1,1.9,1.5,1.0733,0.087,0.0252,0.087,0.1727,19.1,9.6,7.6,12.4,9.5,-4.8,2.8,0.0,1,0,0
P1,2026-01-17,20:30:00,Rio Ave,Benfica,0.0,2.0,A,0.0,2.0,A,9.32,5.04,1.3,10.0,5.25,1.35,1537.0,1914.0,-377.1,3451.0,0.1093,1,4,7,7,11,0.4444,0.4667,0.7778,0.7333,-3,-4,1,3,-2,13,14,-1,0,1,1,0,0,0,1,2,25,0,8,2,-18,0.0,10,1.3,1.3,1.4,2.4,2.0,0.6,-1.1,1.0749,0.073,0.073,0.0385,0.046,8.8,16.3,15.8,7.5,-7.5,8.3,-1.6,2.2,0,0,1
P1,2026-01-17,15:30:00,Gil Vicente,Nacional,2.0,1.0,H,1.0,1.0,D,1.62,3.68,5.3,1.67,3.8,5.8,1580.5,1458.0,122.5,3038.5,0.0403,0,3,5,2,5,0.3333,0.3333,0.2222,0.3333,1,0,1,-1,2,15,6,9,2,0,1,0,0,0,1,2,25,5,4,1,4,0.6,10,1.8,1.2,0.7,1.0,0.9,1.2,0.8,1.0777,0.0943,0.0309,0.0943,0.179,13.9,9.6,12.8,16.6,4.3,-3.8,3.5,0.1,1,0,0
P1,2026-01-17,18:00:00,Alverca,Moreirense,2.0,1.0,H,0.0,0.0,D,2.65,2.93,2.78,2.75,3.05,2.9,1444.5,1584.1,-139.6,3028.6,0.0461,0,3,6,7,8,0.3333,0.4,0.7778,0.5333,-4,-2,0,6,-6,13,6,7,2,1,2,0,0,0,1,2,25,0,3,0,-4,0.0,3,1.6,0.9,1.4,1.4,1.4,1.3,0.2,1.0784,0.0432,0.0377,0.0432,0.0513,9.6,13.2,9.9,12.1,-3.6,-2.2,0.0,-0.3,1,0,0
P1,2026-01-17,18:00:00,AVS,Arouca,0.0,1.0,A,0.0,1.0,A,2.83,3.16,2.45,3.0,3.3,2.6,1356.3,1492.0,-135.8,2848.3,0.0477,0,1,1,2,5,0.1111,0.0667,0.2222,0.3333,-1,-4,1,-1,2,14,14,0,0,1,1,0,0,0,1,2,25,0,2,1,-3,0.0,3,0.3,0.7,2.1,0.6,0.9,2.6,-0.3,1.078,0.0612,0.0601,0.0612,0.0787,10.0,15.5,9.1,13.4,-5.5,-4.3,-1.2,-0.8,0,0,1
P1,2026-01-18,20:30:00,Guimaraes,Porto,0.0,1.0,A,0.0,0.0,D,7.07,4.04,1.45,7.5,4.2,1.48,1635.0,1898.3,-263.3,3533.2,0.0745,1,4,8,9,15,0.4444,0.5333,1.0,1.0,-5,-7,0,3,-3,16,14,2,0,0,1,0,0,0,1,2,25,1,8,1,-13,0.0,10,1.5,1.5,1.5,3.0,2.2,0.3,-1.5,1.0786,0.0608,0.0608,0.0207,0.1162,12.4,12.5,13.5,8.5,-0.1,5.0,0.3,0.8,0,0,1
P1,2026-01-18,15:30:00,Santa Clara,Famalicao,0.0,1.0,A,0.0,0.0,D,2.96,2.93,2.5,3.2,3.1,2.66,1538.7,1607.0,-68.3,3145.7,0.0217,0,2,5,0,3,0.2222,0.3333,0.0,0.2,2,2,-1,-3,2,7,14,-7,-2,2,1,0,0,0,1,2,25,3,6,1,-7,0.25,10,1.4,0.9,0.8,1.2,0.9,1.0,0.2,1.0791,0.0811,0.0811,0.064,0.1894,12.1,10.0,14.2,11.4,2.1,2.8,-1.6,1.1,0,0,1
P1,2026-01-18,18:00:00,Tondela,Sp Braga,0.0,1.0,A,0.0,0.0,D,5.69,3.67,1.58,6.0,3.8,1.63,1416.4,1747.3,-330.8,3163.7,0.1046,1,3,3,2,8,0.3333,0.2,0.2222,0.5333,1,-5,3,-4,7,7,15,-8,-2,1,0,0,0,0,1,2,25,1,9,0,-17,0.25,10,0.7,0.9,1.5,1.3,1.8,1.3,-0.6,1.0811,0.0545,0.0545,0.0316,0.0197,10.8,13.2,12.5,9.0,-2.4,3.5,-0.9,0.7,0,0,1
P1,2026-01-19,20:15:00,Estrela,Estoril,0.0,5.0,A,0.0,1.0,A,2.76,3.27,2.44,2.85,3.4,2.5,1488.1,1566.7,-78.5,3054.8,0.0257,0,5,8,6,7,0.5556,0.5333,0.6667,0.4667,-1,1,2,5,-3,16,16,0,0,0,0,0,0,0,1,2,25,1,3,1,-6,0.5,5,1.0,1.3,1.3,0.9,1.6,2.0,0.1,1.078,0.0398,0.0326,0.0246,0.1516,12.2,14.6,12.7,11.6,-2.4,1.1,-2.5,0.4,0,0,1
P1,2026-01-23,20:15:00,Casa Pia,AVS,3.0,3.0,D,1.0,0.0,H,2.0,3.16,3.83,2.05,3.3,4.0,1492.6,1348.6,144.0,2841.2,0.0507,0,1,5,0,1,0.1111,0.3333,0.0,0.0667,1,4,-3,-1,-2,7,6,1,0,1,1,0,0,0,1,2,26,1,0,2,2,0.0,3,0.7,1.0,1.9,0.4,0.5,3.1,0.3,1.0776,0.0444,0.025,0.0444,0.3101,7.1,13.0,10.7,16.1,-5.9,-5.4,0.9,0.1,0,1,0
P1,2026-01-24,18:00:00,Arouca,Sp Lisbon,1.0,2.0,A,0.0,1.0,A,10.87,5.7,1.23,12.0,6.5,1.25,1499.7,1959.4,-459.7,3459.0,0.1329,1,4,8,7,13,0.4444,0.5333,0.7778,0.8667,-3,-5,0,1,-1,7,8,-1,0,1,1,0,0,0,1,2,26,1,7,2,-16,0.2,10,1.2,1.4,2.0,2.4,2.1,0.7,-1.2,1.0804,0.1404,0.104,0.0163,0.0108,10.2,13.2,19.4,9.1,-3.0,10.3,-3.1,0.9,0,0,1
P1,2026-01-24,20:30:00,Estoril,Guimaraes,4.0,2.0,H,1.0,2.0,A,2.43,3.17,2.81,2.52,3.3,2.9,1587.2,1630.4,-43.2,3217.6,0.0134,0,6,9,4,7,0.6667,0.6,0.4444,0.4667,2,2,3,1,2,5,6,-1,0,1,1,0,0,0,1,2,26,1,8,1,-10,0.25,10,1.8,2.1,1.2,1.3,0.6,1.2,0.5,1.0829,0.041,0.037,0.032,0.1585,12.8,11.1,13.0,12.4,1.7,0.6,1.1,-0.9,1,0,0
P1,2026-01-24,15:30:00,Moreirense,Santa Clara,1.0,0.0,H,0.0,0.0,D,2.71,2.87,2.76,2.8,3.0,2.88,1571.6,1529.2,42.4,3100.8,0.0137,0,6,7,1,2,0.6667,0.4667,0.1111,0.1333,5,5,5,0,5,7,6,1,0,2,2,0,0,0,1,2,26,4,2,4,0,0.75,10,1.8,1.6,1.4,1.0,1.0,1.4,0.8,1.0798,0.0453,0.0332,0.0435,0.3147,9.9,11.9,12.3,9.3,-2.0,3.0,-0.8,-1.1,1,0,0
P1,2026-01-25,20:30:00,Sp Braga,Alverca,5.0,0.0,H,4.0,0.0,H,1.38,4.48,7.53,1.4,4.75,8.4,1750.6,1457.0,293.6,3207.6,0.0915,1,5,8,6,6,0.5556,0.5333,0.6667,0.4,-1,2,2,6,-4,7,8,-1,0,1,1,0,0,0,1,2,26,4,1,2,6,0.3333333333333333,7,1.6,1.6,0.9,0.7,1.1,1.8,0.9,1.0807,0.1155,0.0145,0.1155,0.2197,12.5,8.4,9.9,13.7,4.1,-3.8,1.1,-0.1,1,0,0
P1,2026-01-25,15:30:00,Nacional,Rio Ave,4.0,0.0,H,1.0,0.0,H,2.2,3.25,3.15,2.28,3.33,3.3,1452.6,1533.2,-80.6,2985.8,0.027,0,1,5,3,4,0.1111,0.3333,0.3333,0.2667,-2,1,-3,2,-5,8,8,0,0,2,1,0,0,0,1,2,26,1,5,4,-5,0.2,10,0.8,1.6,2.2,1.2,1.5,1.9,-0.4,1.0797,0.0476,0.0364,0.0476,0.0637,12.4,17.2,8.2,17.4,-4.8,-9.2,-0.7,0.1,1,0,0
P1,2026-01-25,18:00:00,Benfica,Estrela,4.0,0.0,H,1.0,0.0,H,1.12,7.72,18.86,1.14,9.0,23.0,1917.8,1467.5,450.3,3385.3,0.133,1,7,13,4,5,0.7778,0.8667,0.4444,0.3333,3,8,1,3,-2,8,6,2,0,1,1,0,0,0,1,2,26,5,0,0,8,1.0,5,2.0,2.0,0.8,0.9,1.0,2.1,1.1,1.0754,0.2195,0.0179,0.2195,0.1221,17.8,7.4,11.3,14.2,10.4,-2.9,4.0,-0.9,1,0,0
P1,2026-01-25,18:00:00,Famalicao,Tondela,3.0,0.0,H,1.0,0.0,H,1.59,3.7,5.58,1.62,3.8,5.75,1616.5,1413.1,203.4,3029.6,0.0671,1,3,6,3,3,0.3333,0.4,0.3333,0.2,0,3,0,3,-3,7,7,0,0,1,2,0,0,0,1,2,26,3,3,1,0,0.3333333333333333,7,1.4,1.5,0.9,0.7,0.6,2.0,0.7,1.0784,0.0305,0.0189,0.0305,0.2451,13.5,12.2,10.2,13.0,1.3,-2.8,1.0,-0.1,1,0,0
P1,2026-01-26,20:15:00,Porto,Gil Vicente,3.0,0.0,H,1.0,0.0,H,1.37,4.38,8.24,1.41,4.6,9.0,1902.8,1585.9,317.0,3488.7,0.0909,1,9,15,5,7,1.0,1.0,0.5556,0.4667,4,8,3,3,0,8,9,-1,0,1,1,0,0,0,1,2,26,6,2,2,8,0.5,10,2.8,2.2,0.3,1.5,1.3,0.7,1.3,1.0796,0.0922,0.0292,0.0922,0.2266,13.9,10.1,14.0,9.4,3.8,4.6,-2.5,-1.4,1,0,0
P1,2026-01-30,20:45:00,Guimaraes,Moreirense,1.0,0.0,H,0.0,0.0,D,1.84,3.27,4.35,1.91,3.4,4.75,1616.5,1579.0,37.4,3195.5,0.0117,0,3,4,6,10,0.3333,0.2667,0.6667,0.6667,-3,-6,2,2,0,6,6,0,0,2,2,0,0,0,1,2,27,5,2,3,3,0.8,10,1.5,1.4,1.4,1.1,1.2,1.5,0.4,1.0792,0.092,0.038,0.092,0.1463,13.0,12.5,9.4,11.2,0.5,-1.8,0.3,0.9,1,0,0
P1,2026-01-31,20:30:00,Alverca,Estrela,1.0,1.0,D,0.0,0.0,D,2.09,3.11,3.54,2.2,3.2,3.7,1451.6,1465.4,-13.8,2917.0,0.0047,0,6,6,1,5,0.6667,0.4,0.1111,0.3333,5,1,6,-3,9,6,6,0,0,2,2,0,0,0,1,2,27,0,0,1,0,0.5,1,1.6,0.9,1.4,0.9,1.0,2.3,0.7,1.0825,0.0526,0.0526,0.0452,0.1381,9.6,14.2,10.1,14.9,-4.6,-4.8,1.4,-0.4,0,1,0
P1,2026-01-31,18:00:00,Rio Ave,Arouca,0.0,3.0,A,0.0,1.0,A,2.46,3.15,2.8,2.55,3.25,3.05,1511.5,1497.9,13.5,3009.4,0.0045,0,3,4,3,5,0.3333,0.2667,0.3333,0.3333,0,-1,2,1,1,6,7,-1,0,2,2,0,0,0,1,2,27,5,0,5,8,0.75,10,1.0,1.1,1.6,0.9,1.0,2.4,0.1,1.0811,0.0893,0.0366,0.0893,0.2419,8.5,17.2,10.8,13.0,-8.7,-2.2,-0.2,-1.2,0,0,1
P1,2026-01-31,15:30:00,Santa Clara,Estoril,2.0,4.0,A,0.0,2.0,A,2.2,3.08,3.3,2.3,3.2,3.45,1521.8,1601.1,-79.4,3122.9,0.0254,0,1,2,6,12,0.1111,0.1333,0.6667,0.8,-5,-10,0,0,0,7,7,0,0,2,2,0,0,0,1,2,27,4,2,1,4,0.6666666666666666,7,1.1,0.7,0.8,0.9,1.8,1.9,0.2,1.0823,0.0455,0.0455,0.0455,0.0665,11.2,8.9,13.1,11.5,2.3,1.6,-1.2,1.5,0,0,1
P1,2026-02-01,15:30:00,Gil Vicente,Famalicao,5.0,0.0,H,1.0,0.0,H,2.64,3.06,2.69,2.71,3.25,2.75,1582.2,1623.0,-40.8,3205.1,0.0127,0,4,6,6,6,0.4444,0.4,0.6667,0.4,-2,0,2,6,-4,6,7,-1,0,1,2,0,0,0,1,2,27,2,4,4,-3,0.2,10,1.8,1.3,0.8,1.5,0.9,0.8,0.3,1.0773,0.0621,0.0265,0.0223,0.1904,13.9,10.2,12.9,11.1,3.7,1.8,2.3,0.3,1,0,0
P1,2026-02-01,18:00:00,Sp Lisbon,Nacional,2.0,1.0,H,0.0,0.0,D,1.13,7.87,16.71,1.15,9.5,21.0,1961.1,1474.3,486.8,3435.4,0.1417,1,7,13,4,5,0.7778,0.8667,0.4444,0.3333,3,8,1,3,-2,8,7,1,0,1,1,0,0,0,1,2,27,9,0,1,24,1.0,10,2.5,3.2,0.3,1.0,1.0,1.1,1.5,1.0719,0.2567,0.0177,0.2567,0.1354,18.0,9.3,12.9,17.0,8.7,-4.1,3.5,-0.2,1,0,0
P1,2026-02-01,20:30:00,Tondela,Benfica,0.0,0.0,D,0.0,0.0,D,12.59,5.69,1.21,15.0,6.5,1.24,1406.7,1919.9,-513.3,3326.6,0.1543,1,0,3,9,13,0.0,0.2,1.0,0.8667,-9,-10,-3,5,-8,7,7,0,0,2,1,0,0,0,1,2,27,1,8,1,-13,0.0,10,0.6,0.8,1.5,2.4,2.0,0.5,-1.8,1.0816,0.1914,0.1914,0.0248,-0.0011,9.5,11.0,17.6,7.3,-1.5,10.3,-2.7,0.7,0,1,0
P1,2026-02-02,20:45:00,Casa Pia,Porto,2.0,1.0,H,2.0,0.0,H,10.75,5.04,1.27,12.0,5.5,1.3,1487.5,1906.5,-419.0,3394.1,0.1234,1,1,5,9,15,0.1111,0.3333,1.0,1.0,-8,-10,-3,3,-6,10,7,3,1,1,1,0,0,0,1,2,27,0,6,1,-11,0.0,7,0.8,1.2,1.9,3.0,2.1,0.2,-2.2,1.0788,0.1163,0.1163,0.0236,0.032,7.7,14.2,13.7,10.4,-6.5,3.3,-0.7,1.4,1,0,0
P1,2026-02-02,18:45:00,AVS,Sp Braga,0.0,4.0,A,0.0,2.0,A,8.08,4.56,1.36,8.5,4.75,1.38,1353.7,1756.0,-402.4,3109.7,0.1294,1,1,2,7,8,0.1111,0.1333,0.7778,0.5333,-6,-6,0,6,-6,10,8,2,0,1,1,0,0,0,1,2,27,0,2,1,-4,0.0,3,0.3,0.7,1.9,1.6,1.8,1.1,-1.3,1.0784,0.052,0.052,0.0147,0.0138,12.7,15.0,12.7,8.4,-2.3,4.3,-1.6,0.9,0,0,1
P1,2026-02-07,18:00:00,Estoril,Tondela,2.0,2.0,D,2.0,2.0,D,1.68,3.76,4.6,1.72,3.9,5.0,1614.2,1415.3,198.9,3029.5,0.0656,0,9,12,1,4,1.0,0.8,0.1111,0.2667,8,8,6,-2,8,7,6,1,0,2,2,0,0,0,1,2,28,8,0,1,12,1.0,9,1.8,2.1,1.4,0.7,0.6,2.0,1.1,1.0786,0.087,0.0238,0.087,0.2727,11.8,12.7,9.2,11.8,-0.9,-2.6,1.7,-0.5,0,1,0
P1,2026-02-07,15:30:00,Estrela,Santa Clara,1.0,0.0,H,0.0,0.0,D,3.33,2.9,2.29,3.4,3.0,2.35,1466.6,1508.7,-42.1,2975.3,0.0142,0,1,5,0,1,0.1111,0.3333,0.0,0.0667,1,4,-3,-1,-2,7,7,0,0,2,2,0,0,0,1,2,28,0,1,2,-1,0.0,3,1.0,1.3,1.7,0.9,0.9,1.4,0.1,1.0818,0.0345,0.021,0.0262,0.2624,9.4,14.7,11.1,9.1,-5.3,2.0,-2.3,-1.2,1,0,0
P1,2026-02-07,20:30:00,Arouca,Guimaraes,3.0,2.0,H,1.0,2.0,A,2.83,3.19,2.42,3.0,3.3,2.5,1518.6,1623.9,-105.3,3142.5,0.0335,0,6,7,3,7,0.6667,0.4667,0.3333,0.4667,3,0,5,-1,6,7,8,-1,0,2,2,0,0,0,1,2,28,2,4,4,-1,0.0,10,0.9,1.1,2.1,1.0,0.6,1.5,-0.1,1.0801,0.0601,0.0601,0.0331,0.1222,11.5,13.2,13.4,11.1,-1.7,2.3,-0.2,0.8,1,0,0
P1,2026-02-07,15:30:00,Moreirense,Gil Vicente,1.0,2.0,A,0.0,1.0,A,3.29,2.97,2.27,3.5,3.1,2.32,1571.6,1603.9,-32.3,3175.5,0.0102,0,3,9,6,8,0.3333,0.6,0.6667,0.5333,-3,1,-3,4,-7,8,6,2,0,2,2,0,0,0,1,2,28,5,2,3,5,0.25,10,2.0,1.6,1.3,1.4,1.2,0.9,0.6,1.0812,0.0638,0.0638,0.022,0.2729,9.8,11.5,14.7,9.1,-1.7,5.6,-2.5,-0.3,0,0,1
P1,2026-02-08,15:30:00,Nacional,Casa Pia,0.0,0.0,D,0.0,0.0,D,2.06,3.18,3.57,2.15,3.25,4.0,1473.5,1505.4,-31.9,2978.8,0.0107,0,3,4,4,5,0.3333,0.2667,0.4444,0.3333,-1,-1,2,3,-1,7,6,1,0,2,1,0,0,0,1,2,28,2,1,0,3,1.0,3,1.1,1.9,2.0,1.0,1.0,2.0,0.1,1.08,0.1204,0.0437,0.1204,0.1051,12.7,16.6,7.3,14.5,-3.9,-7.2,-0.4,-0.2,0,1,0
P1,2026-02-08,20:30:00,Benfica,Alverca,2.0,1.0,H,1.0,1.0,D,1.17,6.23,15.65,1.2,6.66,17.0,1911.2,1450.4,460.8,3361.7,0.1371,1,7,11,4,7,0.7778,0.7333,0.4444,0.4667,3,4,3,1,2,7,8,-1,0,2,2,0,0,0,1,2,28,5,2,0,6,0.6666666666666666,7,2.2,2.3,0.7,0.7,1.1,2.2,1.5,1.0791,0.0863,0.0256,0.0863,0.163,17.5,7.0,9.6,12.0,10.5,-2.4,2.4,-0.9,1,0,0
P1,2026-02-08,18:00:00,Sp Braga,Rio Ave,3.0,0.0,H,1.0,0.0,H,1.23,5.77,10.56,1.26,6.5,11.0,1760.8,1490.9,269.9,3251.6,0.083,1,9,11,0,3,1.0,0.7333,0.0,0.2,9,8,7,-3,10,6,8,-2,-1,2,2,0,0,0,1,2,28,5,2,3,9,1.0,10,1.8,2.0,0.8,1.1,1.2,2.0,0.7,1.081,0.1265,0.0244,0.0417,0.1241,12.7,8.3,9.1,16.6,4.4,-7.5,0.9,-0.1,1,0,0
P1,2026-02-09,18:45:00,Famalicao,AVS,3.0,1.0,H,0.0,0.0,D,1.37,4.49,7.68,1.43,4.75,8.5,1601.3,1348.9,252.4,2950.1,0.0855,1,6,6,1,1,0.6667,0.4,0.1111,0.0667,5,5,6,1,5,8,7,1,0,1,1,0,0,0,1,2,28,3,0,0,5,1.0,3,1.4,1.6,0.8,0.5,0.8,2.8,0.9,1.0829,0.1068,0.0438,0.1068,0.1907,11.3,12.0,12.0,15.0,-0.7,-3.0,0.1,-0.7,1,0,0
P1,2026-02-09,20:45:00,Porto,Sp Lisbon,1.0,1.0,D,0.0,0.0,D,2.24,3.03,3.27,2.3,3.15,3.5,1888.7,1961.9,-73.2,3850.6,0.019,0,6,12,9,13,0.6667,0.8,1.0,0.8667,-3,-1,0,5,-5,7,8,-1,0,2,1,0,0,0,1,2,28,3,2,5,1,0.2,10,2.8,2.2,0.2,2.6,2.2,0.7,0.2,1.0823,0.0703,0.0268,0.0703,0.0829,14.3,10.0,16.9,9.1,4.3,7.8,-1.5,-1.2,0,1,0
